optimizer_step,train_target_nll,train_target_nll_rolling32,learning_rate,optimizer_step_ms,finite_update
1,6.994647648276352,6.994647648276352,1.492537313432836e-06,321.1793228983879,True
2,6.494202405907387,6.74442502709187,2.985074626865672e-06,126.63507834076881,True
3,6.678648993095256,6.7224996824263314,4.477611940298508e-06,124.98779967427254,True
4,6.344067203692901,6.627891562742974,5.970149253731344e-06,122.43498861789703,True
5,6.534271897271622,6.609167629648704,7.462686567164179e-06,114.5779937505722,True
6,6.146126577728673,6.531994120995365,8.955223880597016e-06,120.33054977655411,True
7,6.459464501731003,6.521632746814743,1.0447761194029851e-05,119.16076019406319,True
8,6.4364041717800164,6.510979174935402,1.1940298507462688e-05,117.39129945635796,True
9,6.440701166788737,6.50317050736355,1.3432835820895523e-05,124.39310550689697,True
10,5.788945198059082,6.431747976433104,1.4925373134328359e-05,118.05262789130211,True
11,6.082365489728523,6.399985932187232,1.6417910447761194e-05,122.47466668486595,True
12,6.10721325731563,6.375588209281266,1.791044776119403e-05,124.01985377073288,True
13,5.584958772948294,6.314770560332576,1.9402985074626868e-05,121.58629670739174,True
14,5.647161109718734,6.267084171003016,2.0895522388059702e-05,119.96006965637207,True
15,5.717436061508354,6.230440963703372,2.238805970149254e-05,124.31395798921585,True
16,5.6813897401436995,6.196125262230892,2.3880597014925376e-05,121.7506006360054,True
17,5.332736609368351,6.145337694415449,2.537313432835821e-05,114.41359668970108,True
18,5.460249016050659,6.107277212284071,2.6865671641791047e-05,125.54826587438583,True
19,5.578320991845779,6.079437411208372,2.835820895522388e-05,124.08285215497017,True
20,5.698230215708414,6.060377051433374,2.9850746268656717e-05,119.99819800257683,True
21,5.476282514108194,6.032563025846461,3.1343283582089554e-05,118.47734823822975,True
22,5.178099179535769,5.993723760105066,3.283582089552239e-05,119.1859096288681,True
23,5.077805342701819,5.953901220217968,3.432835820895522e-05,115.22804945707321,True
24,5.11490319115775,5.918942969007126,3.582089552238806e-05,120.73909863829613,True
25,5.148544426887266,5.888127027322331,3.7313432835820896e-05,122.43865802884102,True
26,5.163348347532983,5.86025092425351,3.8805970149253736e-05,123.0490691959858,True
27,5.024146852285965,5.82928410677323,4.029850746268657e-05,137.75263726711273,True
28,5.402979147434235,5.81405892965398,4.1791044776119404e-05,135.9451711177826,True
29,5.189857147358082,5.792534730264466,4.3283582089552244e-05,117.29398369789124,True
30,5.600732246541089,5.7861413141403535,4.477611940298508e-05,119.67508122324944,True
31,4.8391021243686785,5.755591662857396,4.626865671641792e-05,117.31500178575516,True
32,4.732618185938621,5.723623741703685,4.776119402985075e-05,124.96678158640862,True
33,5.048069196742969,5.662793165093267,4.925373134328358e-05,117.36713349819183,True
34,4.75432864151432,5.608422109955984,5.074626865671642e-05,115.75370281934738,True
35,4.910054053789303,5.553153518102673,5.223880597014925e-05,115.21095782518387,True
36,4.580929033217892,5.498055450275329,5.373134328358209e-05,119.89893391728401,True
37,5.145216774372828,5.454647477684742,5.522388059701493e-05,119.08086016774178,True
38,4.807356848354228,5.412810923641791,5.671641791044776e-05,122.52576649188995,True
39,4.932328213982403,5.365087914649647,5.82089552238806e-05,116.60773679614067,True
40,4.915155331293742,5.317548888384451,5.9701492537313435e-05,117.73623898625374,True
41,4.977849650382995,5.271834778496771,6.119402985074628e-05,117.5638996064663,True
42,4.802001792298266,5.240992797066745,6.268656716417911e-05,117.54032969474792,True
43,4.814508606052999,5.201372269451886,6.417910447761194e-05,115.23078754544258,True
44,5.1203076688549185,5.170531469812488,6.567164179104478e-05,123.10528382658958,True
45,5.104795129044251,5.155526355940486,6.716417910447762e-05,120.2884130179882,True
46,4.609993955363398,5.123114882366882,6.865671641791044e-05,116.52184277772903,True
47,4.636193446552052,5.089326050649498,7.014925373134329e-05,119.18216943740845,True
48,4.778250865216525,5.061102960808023,7.164179104477612e-05,115.80020189285278,True
49,4.874695944362844,5.046789190026601,7.313432835820896e-05,119.99775841832161,True
50,4.943440012849135,5.030638908676553,7.462686567164179e-05,119.47576329112053,True
51,4.478638398938063,4.996273827648188,7.611940298507464e-05,119.60367113351822,True
52,4.559471842821907,4.960687628495483,7.761194029850747e-05,117.33163148164749,True
53,4.34429235043733,4.92531293588077,7.910447761194029e-05,118.87510865926743,True
54,5.232477970123291,4.927012273086629,8.059701492537314e-05,115.62074348330498,True
55,4.6851552582922436,4.91474195794883,8.208955223880597e-05,119.47008594870567,True
56,4.698562709022971,4.901731317882118,8.358208955223881e-05,119.04441192746162,True
57,4.790328576014592,4.8905370725423465,8.507462686567164e-05,119.87907439470291,True
58,4.275998254255815,4.862807382127435,8.656716417910449e-05,120.86688354611397,True
59,4.607042581185527,4.849772873655546,8.805970149253731e-05,117.1511821448803,True
60,4.813180392643191,4.831341662568326,8.955223880597016e-05,118.27894672751427,True
61,4.649707083376298,4.814461973068895,9.104477611940299e-05,126.42001733183861,True
62,4.729346960783005,4.787231182888955,9.253731343283584e-05,116.17741733789444,True
63,4.632015946365538,4.780759739826356,9.402985074626866e-05,127.46570259332657,True
64,4.288011121749878,4.766865769070458,9.55223880597015e-05,147.06406742334366,True
65,3.9390097127031924,4.732207660194215,9.701492537313434e-05,119.60799619555473,True
66,4.781363577037663,4.733052501929319,9.850746268656716e-05,121.90745770931244,True
67,4.212333619261587,4.711248738350328,0.0001,118.43184754252434,True
68,4.723247923882179,4.715696203683587,0.0001,137.44450733065605,True
69,4.213710631264581,4.6865866367114535,9.999984869344595e-05,120.10491266846657,True
70,4.351602495715605,4.672344313191497,9.999939477469955e-05,122.74637445807457,True
71,4.3367487490177155,4.65373245491135,9.999863824650801e-05,119.88872662186623,True
72,4.689302998781204,4.646674569520334,9.999757911345006e-05,126.18653476238251,True
73,4.402593856699326,4.628697825967718,9.999621738193585e-05,116.05273932218552,True
74,4.136156886286989,4.607890172654866,9.999455306020694e-05,122.68988788127899,True
75,4.4384388495027345,4.59613799276267,9.999258615833624e-05,121.68165668845177,True
76,4.425277598420082,4.574418303061583,9.999031668822792e-05,117.40754917263985,True
77,4.281820433067553,4.54870034381231,9.998774466361746e-05,123.21238219738007,True
78,4.658280173158334,4.550209288118403,9.99848701000714e-05,123.93946573138237,True
79,4.231165271273928,4.537552157640961,9.998169301498736e-05,116.81090667843819,True
80,4.302186314081181,4.522675140417981,9.997821342759389e-05,121.16486951708794,True
81,4.79659769858843,4.52023457023753,9.997443135895035e-05,123.01768362522125,True
82,4.469390515169483,4.505420523435042,9.997034683194684e-05,117.77713522315025,True
83,4.2302507338439215,4.4976584089008504,9.996595987130396e-05,124.55606460571289,True
84,4.292514912989917,4.489316004843602,9.996127050357276e-05,118.63679066300392,True
85,4.456608092343366,4.492825871778164,9.995627875713454e-05,121.6917335987091,True
86,3.987529779352793,4.453921240816586,9.995098466220062e-05,127.96630337834358,True
87,4.202857760563949,4.438849444012577,9.994538825081228e-05,120.06330862641335,True
88,4.257491978985525,4.425065983698907,9.993948955684047e-05,122.33147025108337,True
89,4.091743349347796,4.4032351953655695,9.99332886159856e-05,117.85123124718666,True
90,3.766298555480647,4.3873070797788465,9.992678546577741e-05,124.13322925567627,True
91,4.095629395440567,4.371325417724316,9.991998014557469e-05,131.98170810937881,True
92,4.440456769968334,4.3596778045157265,9.9912872696565e-05,118.68026480078697,True
93,3.9105929856771953,4.336580488962628,9.990546316176447e-05,118.69964376091957,True
94,3.879889308081733,4.310034937315713,9.989775158601758e-05,121.0612989962101,True
95,4.174236125494602,4.295729317913496,9.988973801599679e-05,120.64909934997559,True
96,3.898103654384613,4.283544709558331,9.988142250020233e-05,123.11167642474174,True
97,4.249213804278457,4.293238587420058,9.98728050889619e-05,122.00414389371872,True
98,4.1316690146923065,4.2729356323467655,9.986388583443029e-05,122.23440781235695,True
99,3.8839970231056213,4.262675113716892,9.98546647905892e-05,120.69491669535637,True
100,4.17873511074474,4.245659088306347,9.98451420132468e-05,126.18827819824219,True
101,3.7619060380959217,4.231540194769826,9.983531756003741e-05,119.38223987817764,True
102,4.392849229823398,4.232829155210695,9.982519149042122e-05,116.12183973193169,True
103,4.2384164830658335,4.229756271899699,9.981476386568387e-05,122.59156256914139,True
104,3.9411508944127465,4.206376518638185,9.980403474893605e-05,120.05846574902534,True
105,3.9340859528245598,4.191735646642099,9.979300420511321e-05,115.56386202573776,True
106,4.355229051355372,4.198581651800486,9.978167230097508e-05,118.00003051757812,True
107,3.686982615240689,4.175098644479798,9.977003910510532e-05,115.49536138772964,True
108,4.161049670186536,4.1668415217225,9.975810468791107e-05,118.3108352124691,True
109,3.894723970314552,4.154744757261469,9.974586912162256e-05,115.31888321042061,True
110,4.038660766175075,4.135381650793242,9.973333248029266e-05,114.23362046480179,True
111,3.8875612616539,4.124644025492616,9.972049483979639e-05,116.67713150382042,True
112,4.07990125330483,4.117697617343355,9.97073562778305e-05,128.85766476392746,True
113,3.834823559858128,4.087642175508034,9.969391687391307e-05,116.37432873249054,True
114,4.227581317608173,4.080085638084242,9.968017670938284e-05,121.25810235738754,True
115,3.874046856448764,4.068954266915643,9.96661358673989e-05,116.63780361413956,True
116,4.162509320694723,4.064891592156419,9.965179443294013e-05,118.08595061302185,True
117,3.22643977921942,4.026448832371296,9.96371524928046e-05,113.38399723172188,True
118,4.299396861446359,4.036194678686719,9.962221013560923e-05,118.434838950634,True
119,4.318976796757092,4.039823398567753,9.960696745178907e-05,117.46453493833542,True
120,4.020769610124476,4.032425824540846,9.959142453359681e-05,116.1513514816761,True
121,3.4935198978679938,4.013731341682101,9.957558147510229e-05,119.65586617588997,True
122,4.16201776197587,4.026097566885078,9.955943837219183e-05,121.29435688257217,True
123,3.7165807582611263,4.01425229697322,9.954299532256775e-05,114.88767340779305,True
124,3.558849925883332,3.9867020830955653,9.952625242574769e-05,118.48025023937225,True
125,3.6076415911316873,3.9772348520160197,9.950920978306402e-05,119.14339289069176,True
126,4.037221830515635,3.9821514933420783,9.949186749766333e-05,116.2501573562622,True
127,3.5727127930697273,3.963353889203802,9.947422567450563e-05,116.03780090808868,True
128,3.827805335593946,3.961157066741592,9.945628442036389e-05,115.38727208971977,True
129,3.7896664559123026,3.9467962121051503,9.943804384382329e-05,119.09153312444687,True
130,3.914406575939872,3.9400067608941374,9.941950405528055e-05,115.60668796300888,True
131,3.513494296507402,3.9284285506879417,9.940066516694335e-05,118.30934882164001,True
132,3.4532272335959644,3.9057564295270417,9.938152729282959e-05,114.81444537639618,True
133,3.949560366025785,3.9116206272748517,9.936209054876669e-05,116.79089814424515,True
134,3.7138799240714624,3.890402836470102,9.934235505239092e-05,115.91580882668495,True
135,3.5683912688386656,3.869464548525503,9.932232092314665e-05,117.68251284956932,True
136,3.8518686694483604,3.866674478995364,9.930198828228574e-05,118.491992354393,True
137,3.0558649853962225,3.8392300737632272,9.928135725286663e-05,117.55501478910446,True
138,3.5921385199935347,3.815383494658171,9.926042795975372e-05,118.4014193713665,True
139,3.2585320622580394,3.8019944148774627,9.923920052961657e-05,119.14363875985146,True
140,3.8496658574329334,3.792263670728911,9.921767509092919e-05,128.29182669520378,True
141,3.359190141298494,3.7755282385721607,9.919585177396913e-05,114.80038985610008,True
142,3.7228522398318464,3.765659222123933,9.917373071081685e-05,118.44097822904587,True
143,3.4023471392557294,3.7504962807989912,9.915131203535484e-05,117.85368248820305,True
144,3.1966195656703067,3.722893728060413,9.912859588326675e-05,115.08040130138397,True
145,3.47492166425361,3.711646793822773,9.910558239203674e-05,115.69378152489662,True
146,3.500510402406965,3.688925827722734,9.908227170094847e-05,121.34471163153648,True
147,3.9559813934036447,3.691486282002572,9.905866395108436e-05,119.0127246081829,True
148,3.396473932266235,3.6675476761141788,9.903475928532469e-05,117.65311285853386,True
149,3.234898426953484,3.6678120088558686,9.901055784834677e-05,116.374671459198,True
150,3.538070938673364,3.6440205737692146,9.898605978662405e-05,115.42920768260956,True
151,3.352150403536283,3.6138072489810646,9.89612652484252e-05,117.6355704665184,True
152,3.563907241553403,3.5995302999632166,9.893617438381329e-05,115.87845534086227,True
153,3.908875415834148,3.61251015989966,9.891078734464479e-05,119.0219484269619,True
154,2.948179386910938,3.5745777106788807,9.888510428456875e-05,119.46577578783035,True
155,3.126434232367844,3.5561356317447164,9.885912535902573e-05,116.49750545620918,True
156,3.251495722752468,3.5465308128968758,9.883285072524703e-05,117.53512173891068,True
157,3.71662597629157,3.5499365749331204,9.880628054225364e-05,114.82619121670723,True
158,3.5152931571006776,3.533626303888905,9.877941497085524e-05,119.44516003131866,True
159,3.651040381300235,3.5360740410211093,9.875225417364932e-05,117.42846295237541,True
160,3.30595639679167,3.5197662616835395,9.872479831502017e-05,118.14704164862633,True
161,3.5605969429016113,3.512607839401955,9.86970475611378e-05,114.65229466557503,True
162,3.144720521840182,3.48855515021134,9.866900207995708e-05,115.46420678496361,True
163,3.347077929900468,3.483354638754875,9.86406620412166e-05,118.6339519917965,True
164,3.318077601395644,3.479131212748616,9.861202761643773e-05,121.76904827356339,True
165,3.2794676139241172,3.4581908142454374,9.858309897892347e-05,139.76890966296196,True
166,3.0357504092067122,3.4369992669059144,9.855387630375755e-05,116.41968414187431,True
167,3.724623738333236,3.441881531577618,9.852435976780327e-05,120.63667550683022,True
168,3.1666575437638818,3.42046868389998,9.849454954970241e-05,117.78166145086288,True
169,3.2749031985059696,3.427313628059661,9.846444582987424e-05,114.54454809427261,True
170,2.8402883762663063,3.4038183110681857,9.84340487905144e-05,117.20162257552147,True
171,3.0800253239230835,3.398239975495219,9.840335861559367e-05,112.50274628400803,True
172,2.904588747856229,3.3687063158209476,9.837237549085709e-05,116.52461066842079,True
173,3.004178495730384,3.3576122018969414,9.834109960382263e-05,115.80836027860641,True
174,3.3913645218994657,3.347253210711557,9.830953114378017e-05,115.71477353572845,True
175,3.146478715770973,3.339257322477657,9.827767030179032e-05,117.75640025734901,True
176,4.220969700090813,3.3712682641782976,9.82455172706832e-05,118.00462752580643,True
177,3.3074286043273737,3.3660341060556007,9.821307224505742e-05,123.54252114892006,True
178,3.4284652709960937,3.363782695699012,9.818033542127878e-05,124.48672950267792,True
179,3.281663811849263,3.3427102712754397,9.814730699747912e-05,116.37382954359055,True
180,2.952428696423593,3.3288338576553578,9.811398717355509e-05,125.56556612253189,True
181,3.2289587018195163,3.3286482412449203,9.808037615116704e-05,117.89928004145622,True
182,2.8878523710682904,3.308328911007262,9.804647413373766e-05,140.91231301426888,True
183,3.4042132173676087,3.30995587393949,9.801228132645089e-05,140.74306562542915,True
184,3.482166536106086,3.3074014768942632,9.797779793625051e-05,140.34048095345497,True
185,2.841115560060666,3.2740339814013417,9.794302417183904e-05,116.45141243934631,True
186,3.0623488388760554,3.277601776775249,9.790796024367648e-05,118.12438815832138,True
187,2.7398272060059212,3.265520307201438,9.787260636397884e-05,120.44946476817131,True
188,2.9209250577471475,3.2551899739200216,9.783696274671712e-05,116.4453960955143,True
189,2.8684243900435313,3.228683674349771,9.780102960761582e-05,116.44189804792404,True
190,2.992077175308676,3.2123331749187685,9.776480716415171e-05,115.62525480985641,True
191,2.933346075481839,3.189905227861942,9.772829563555253e-05,118.14107373356819,True
192,2.672556963026153,3.170111495556771,9.769149524279562e-05,119.85576525330544,True
193,3.25555733887546,3.160579007930952,9.76544062086066e-05,116.41336232423782,True
194,3.1317684907804835,3.1601742569603353,9.7617028757458e-05,120.48898637294769,True
195,3.4830710438319614,3.164424041770694,9.757936311556802e-05,113.1858117878437,True
196,3.0018059957174605,3.1545405540932485,9.754140951089891e-05,112.97396570444107,True
197,2.7916342740835147,3.139295762223231,9.750316817315592e-05,119.71542239189148,True
198,2.966218932175342,3.137122903566002,9.746463933378562e-05,123.97430837154388,True
199,3.2617366616897163,3.1226576824208934,9.742582322597465e-05,122.12206050753593,True
200,2.9895578568009125,3.1171233172033013,9.738672008464825e-05,120.47981098294258,True
201,3.8011408504827062,3.1335682438275754,9.734733014646888e-05,129.25338372588158,True
202,3.2757726307572987,3.1471771267804165,9.73076536498348e-05,123.81263077259064,True
203,3.0372861317225865,3.1458415270241495,9.726769083487856e-05,124.83978644013405,True
204,2.7937028826328745,3.1423763437359185,9.72274419434656e-05,126.87570601701736,True
205,2.9239512803311833,3.1398692432546937,9.718690721919274e-05,137.46042549610138,True
206,3.120307805745498,3.1313987208748806,9.714608690738679e-05,117.09169670939445,True
207,3.1269127066263898,3.130787283089113,9.710498125510294e-05,117.09453910589218,True
208,3.489332232582435,3.1079236122294773,9.706359051112341e-05,123.77651780843735,True
209,2.9525051449353876,3.096832254123477,9.702191492595583e-05,124.01146441698074,True
210,3.185870754307714,3.089251175476967,9.697995475183172e-05,121.4466392993927,True
211,2.962465669568731,3.079276233530699,9.693771024270511e-05,125.06457418203354,True
212,3.0661802185314326,3.0828309685965714,9.689518165425082e-05,124.68920275568962,True
213,3.1214674704336707,3.0794718676157657,9.685236924386302e-05,120.82775682210922,True
214,2.8264447889108766,3.0775528806733448,9.680927327065365e-05,123.74420836567879,True
215,2.8538535295463188,3.060354140428931,9.676589399545081e-05,115.25781452655792,True
216,2.9765741850200453,3.044554379457491,9.67222316807973e-05,123.6940436065197,True
217,2.671724129531343,3.039260897253449,9.667828659094883e-05,123.39937686920166,True
218,2.8365272439044453,3.0322039724105885,9.663405899187265e-05,136.54959201812744,True
219,3.102047575844659,3.0435233589680486,9.658954915124576e-05,122.70016968250275,True
220,3.0251150371143654,3.0467792958232742,9.65447573384534e-05,121.45185470581055,True
221,3.203742469631651,3.057257985810402,9.649968382458735e-05,119.30470541119576,True
222,2.571723332565822,3.0441219282246905,9.645432888244434e-05,119.04317885637283,True
223,3.3597298961087882,3.0574464226192823,9.640869278652439e-05,117.98816919326782,True
224,2.901769543566355,3.064609315761164,9.636277581302908e-05,127.18763202428818,True
225,2.625280363219125,3.0449131602719035,9.631657823985998e-05,122.56879732012749,True
226,2.829348795675818,3.035462544799884,9.627010034661693e-05,122.20769003033638,True
227,3.2363418319521573,3.0277522569286397,9.622334241459631e-05,129.59833815693855,True
228,3.122211862833072,3.031514940276004,9.61763047267894e-05,120.01519277691841,True
229,2.980279144487883,3.03741009247614,9.612898756788061e-05,126.20722874999046,True
230,3.1722744365648037,3.0438493269883082,9.608139122424578e-05,121.8317337334156,True
231,2.693259430218892,3.0260844135048437,9.603351598395048e-05,134.47173312306404,True
232,3.075192144042567,3.028760484981145,9.598536213674818e-05,121.50847911834717,True
233,3.0129802199297173,3.004130465276365,9.593692997407863e-05,121.72957137227058,True
234,3.1082677329327426,2.9988959372193484,9.588821978906595e-05,124.68041479587555,True
235,3.204310697845266,3.004115454910682,9.583923187651696e-05,137.39729300141335,True
236,2.6592344341764025,2.9999133158964177,9.578996653291933e-05,121.56800553202629,True
237,2.8442917820773546,2.997423956575986,9.574042405643985e-05,126.08466297388077,True
238,2.512956421027023,2.9784442258035355,9.56906047469226e-05,123.54787811636925,True
239,2.653500244289101,2.9636500863554964,9.564050890588708e-05,127.63212248682976,True
240,3.0500106042431248,2.949921285469891,9.559013683652643e-05,124.31390210986137,True
241,2.966127567076951,2.950346986161815,9.553948884370564e-05,124.46566298604012,True
242,2.708375456874356,2.9354252581170215,9.548856523395963e-05,134.0637318789959,True
243,2.7688990601322105,2.9293763015721304,9.543736631549148e-05,121.00295722484589,True
244,2.767003186176278,2.9200270193110285,9.538589239817041e-05,131.8765990436077,True
245,2.875680211131558,2.9123461674578373,9.53341437935301e-05,117.03744903206825,True
246,2.697796434826321,2.908325906392694,9.528212081476665e-05,120.00544741749763,True
247,2.9068938982969073,2.9099834179161483,9.522982377673677e-05,123.46576899290085,True
248,2.519776481616346,2.8957084896847824,9.517725299595585e-05,126.02129206061363,True
249,3.086858334412446,2.9086814335873186,9.512440879059605e-05,125.0283271074295,True
250,2.751403564598128,2.906021318608996,9.507129148048433e-05,136.32680848240852,True
251,2.8171311240447197,2.8971176794902505,9.50179013871006e-05,123.96274134516716,True
252,2.8003562592911995,2.8900939676832778,9.496423883357567e-05,120.79916894435883,True
253,2.83232534988017,2.878487182691046,9.491030414468941e-05,123.54744598269463,True
254,2.400701296811848,2.873142744073732,9.485609764686869e-05,137.77920603752136,True
255,3.0930058758639727,2.8648076184410805,9.480161966818543e-05,117.29030311107635,True
256,2.643383225953648,2.856733046015684,9.474687053835468e-05,121.86349555850029,True
257,2.553085928191682,2.854476969921077,9.469185058873247e-05,126.06566026806831,True
258,2.541861956895784,2.8454930062091996,9.4636560152314e-05,116.5606714785099,True
259,2.4676052283125314,2.8214699873454627,9.458099956373147e-05,115.13081938028336,True
260,2.733557240072503,2.8093245303841954,9.452516915925214e-05,123.45406413078308,True
261,3.198762444967634,2.816152133524188,9.446906927677624e-05,119.62626874446869,True
262,2.922341422776918,2.8083417268433166,9.441270025583498e-05,115.31799286603928,True
263,2.8063019074891744,2.8118743042580157,9.435606243758845e-05,127.63214483857155,True
264,3.135023714583597,2.8137440408374204,9.429915616482357e-05,116.75472185015678,True
265,2.4330957410085268,2.7956226508711346,9.424198178195201e-05,122.61401489377022,True
266,2.649531126022339,2.7812871319051844,9.418453963500814e-05,116.62833020091057,True
267,2.6101498241665997,2.7627196046027294,9.412683007164689e-05,126.05689465999603,True
268,2.499568226725556,2.7577300356198933,9.406885344114167e-05,121.38845399022102,True
269,2.97691034419196,2.7618743656859763,9.401061009438223e-05,118.92155557870865,True
270,2.9454513624602674,2.7753898326057644,9.39521003838726e-05,126.35327130556107,True
271,2.8292146689139757,2.7808809083752877,9.389332466372886e-05,123.6988753080368,True
272,2.5820856555815666,2.766258253729614,9.38342832896771e-05,121.66350334882736,True
273,2.3957983403592498,2.7484354653946887,9.377497661905117e-05,118.709247559309,True
274,2.357181685709814,2.7374606600457945,9.371540501079062e-05,121.49050459265709,True
275,2.4911485049459667,2.7287809551962283,9.365556882543842e-05,116.88299849629402,True
276,3.201317929673469,2.7423532909305166,9.359546842513885e-05,121.08351290225983,True
277,2.8840430484098545,2.742614629595465,9.353510417363529e-05,116.98842793703079,True
278,3.1610685087913692,2.7570918819068773,9.347447643626802e-05,124.56721439957619,True
279,2.442686343061331,2.742585395805765,9.3413585579972e-05,115.44669046998024,True
280,2.6592989898309476,2.74694547418747,9.335243197327465e-05,120.2922947704792,True
281,2.4494281106216964,2.72702577969401,9.329101598629364e-05,123.03710356354713,True
282,2.6194071699176313,2.7229008923602436,9.322933799073461e-05,121.55245617032051,True
283,3.2848639797281334,2.7375175441003528,9.316739835988898e-05,120.2857680618763,True
284,2.780469097242765,2.7368960702863383,9.310519746863163e-05,117.81453341245651,True
285,2.7877674043178557,2.735503634487518,9.304273569341861e-05,123.0066828429699,True
286,2.4863978316706996,2.7381816512018595,9.298001341228504e-05,117.61489883065224,True
287,3.090111157908943,2.7380911912657666,9.291703100484255e-05,117.78144165873528,True
288,2.549826387631691,2.7351675400682005,9.28537888522772e-05,118.38013306260109,True
289,3.1601862892414787,2.7541394263510064,9.27902873373471e-05,118.22829023003578,True
290,2.32549565900927,2.747377979542051,9.272652684438002e-05,115.43876305222511,True
291,2.6405182428527296,2.7527815112464324,9.266250775927121e-05,117.3524297773838,True
292,3.0547567195579655,2.76281899498035,9.259823046948095e-05,119.14077773690224,True
293,3.75032176805097,2.780055223826704,9.253369536403224e-05,116.03483185172081,True
294,2.9402079404085533,2.780613552502693,9.246890283350847e-05,120.49657478928566,True
295,2.495769471280715,2.770909413871177,9.240385327005103e-05,123.38564917445183,True
296,2.643368055080545,2.7555451745117097,9.233854706735689e-05,116.58815294504166,True
297,2.9048445210980542,2.770287323889505,9.227298462067637e-05,116.23367294669151,True
298,2.4754908766065324,2.76484856609526,9.220716632681053e-05,120.60386687517166,True
299,2.7369740780662086,2.768811824029619,9.214109258410897e-05,116.22433736920357,True
300,2.6394277460434856,2.773182434008305,9.207476379246729e-05,114.26345258951187,True
301,2.5188056685707787,2.7588666628951444,9.200818035332473e-05,115.39928242564201,True
302,3.1320856430951287,2.76469898416498,9.194134266966172e-05,119.91536617279053,True
303,2.4208629852117496,2.7519379940492854,9.187425114599745e-05,115.5070960521698,True
304,3.149191090779275,2.769660038899218,9.180690618838738e-05,115.80900475382805,True
305,2.68663668358463,2.7787487371250066,9.173930820442091e-05,114.86813053488731,True
306,2.4653656930592707,2.7821294873546805,9.16714576032187e-05,118.63861605525017,True
307,2.8646745757211614,2.7938021770664037,9.16033547954304e-05,118.3803342282772,True
308,2.6495945938340912,2.7765608228214234,9.153500019323206e-05,117.63088777661324,True
309,3.154728163778782,2.7850197326767017,9.146639421032365e-05,118.98927390575409,True
310,3.396514510550694,2.7923774202316807,9.139753726192656e-05,116.75402522087097,True
311,2.950938630522343,2.8082603042148406,9.132842976478111e-05,117.4713484942913,True
312,2.818232306870081,2.8132269703723196,9.125907213714396e-05,118.27462166547775,True
313,3.1385606034787115,2.8347623607741,9.118946479878568e-05,118.4832751750946,True
314,2.520934328038425,2.831685084465377,9.111960817098812e-05,117.6241971552372,True
315,2.9533388997827257,2.8213249257170787,9.104950267654191e-05,119.94682624936104,True
316,2.8900397992903186,2.8247490101560615,9.097914873974387e-05,121.94980680942535,True
317,2.6131858044897602,2.819293335161433,9.090854678639449e-05,120.41497603058815,True
318,2.719917950356842,2.8265908388703735,9.083769724379528e-05,131.5436251461506,True
319,3.4050384280158252,2.836432316061213,9.076660054074626e-05,120.0558990240097,True
320,2.828122386878187,2.8451290660376714,9.06952571075433e-05,116.85949936509132,True
321,2.618949895681337,2.8282154287389147,9.062366737597558e-05,120.91594189405441,True
322,2.6730237853142524,2.8390756826859445,9.055183177932292e-05,121.9322606921196,True
323,2.8253705903708215,2.8448523185458825,9.047975075235317e-05,121.17749452590942,True
324,2.940036072554412,2.8412672983270255,9.040742473131962e-05,124.11674484610558,True
325,2.714881335535357,2.808909784810915,9.03348541539583e-05,118.35242435336113,True
326,3.262846149407424,2.818992228842127,9.026203945948537e-05,124.8059831559658,True
327,2.715445644476197,2.8258571092544855,9.018898108859445e-05,116.9266439974308,True
328,2.71548011643546,2.828110611171823,9.011567948345395e-05,129.61194291710854,True
329,2.491682489713033,2.815199297691038,9.004213508770441e-05,120.59560045599937,True
330,2.995262635605676,2.831442165159764,8.99683483464558e-05,117.23631247878075,True
331,2.6436021444987667,2.828524292235784,8.98943197062848e-05,116.60080403089523,True
332,2.584521943299228,2.826808485900024,8.982004961523216e-05,114.88904431462288,True
333,2.655745312125383,2.8310878497611043,8.974553852279994e-05,120.73976546525955,True
334,2.832837702935202,2.8217363516311096,8.967078687994881e-05,116.23681709170341,True
335,2.7409430567811177,2.8317388538676553,8.959579513909533e-05,115.27751758694649,True
336,2.542623202006022,2.8127836073434906,8.952056375410912e-05,119.66986581683159,True
337,2.488919910556542,2.8066049581863624,8.944509318031029e-05,115.87538570165634,True
338,2.9387818972269693,2.821399214566604,8.936938387446652e-05,121.17234990000725,True
339,2.7639372906127533,2.818251174406967,8.929343629479039e-05,121.10432237386703,True
340,2.7000368741842418,2.8198274956679086,8.921725090093655e-05,117.6254078745842,True
341,2.8941060651180357,2.8116830550847567,8.914082815399898e-05,115.13222008943558,True
342,2.7868470181240124,2.7926309459464207,8.906416851650819e-05,117.59167164564133,True
343,2.5951316744940622,2.781511978570535,8.898727245242838e-05,116.7386993765831,True
344,2.6517002031293218,2.776307850328635,8.891014042715471e-05,116.73257872462273,True
345,2.581988989209836,2.758914987382731,8.883277290751042e-05,116.14499613642693,True
346,3.3482305183205554,2.784767993329048,8.8755170361744e-05,120.45451253652573,True
347,2.4833293166653863,2.7700801938566286,8.867733325952643e-05,117.64536798000336,True
348,2.375065725449233,2.7539872540491004,8.859926207194823e-05,121.16937339305878,True
349,2.776712640410378,2.759097467671616,8.85209572715167e-05,126.70601159334183,True
350,2.6243948686270064,2.756112371367557,8.844241933215304e-05,123.3372613787651,True
351,2.755796343722242,2.7358235562333846,8.836364872918945e-05,118.24161931872368,True
352,2.6688817320986,2.7308472857715174,8.828464593936626e-05,121.80132046341896,True
353,2.8217772164128045,2.7371856395443785,8.820541144082904e-05,118.72491240501404,True
354,2.9046370764962988,2.744423554893821,8.812594571312579e-05,123.54403361678123,True
355,2.8273421255024997,2.74448516536669,8.804624923720388e-05,119.76290866732597,True
356,2.57080518364147,2.7329467000881564,8.796632249540732e-05,128.60652804374695,True
357,2.7007942259311677,2.73250647791302,8.788616597147368e-05,118.60919371247292,True
358,2.394280758060393,2.705363809433429,8.780578015053127e-05,121.83491140604019,True
359,2.6015133797367915,2.7018034261603248,8.772516551909616e-05,126.73666328191757,True
360,2.8467974215745926,2.7059070919459245,8.764432256506921e-05,118.57441067695618,True
361,2.9280836777380337,2.719544629071706,8.756325177773317e-05,118.1006133556366,True
362,2.301570062988375,2.69786673617741,8.748195364774973e-05,124.46819245815277,True
363,2.564776723248971,2.6954034417633537,8.740042866715646e-05,129.4412575662136,True
364,2.5834510684013368,2.695369976922791,8.731867732936392e-05,129.45812568068504,True
365,2.4313722947141625,2.6883583201286925,8.723670012915264e-05,118.404570966959,True
366,2.3692216736495872,2.6738703192135205,8.715449756267013e-05,124.3894062936306,True
367,2.5927205322692113,2.6692383653225207,8.707207012742787e-05,133.0067403614521,True
368,2.266451319321891,2.6606079939886413,8.69894183222983e-05,119.3099319934845,True
369,2.8021645242241537,2.6703968881657545,8.690654264751183e-05,117.31437966227531,True
370,2.769525985933293,2.6651076409378263,8.682344360465376e-05,118.64548176527023,True
371,2.5982875660061837,2.6599310870438657,8.674012169666129e-05,117.14835837483406,True
372,2.338993500579487,2.6486484816187215,8.665657742782043e-05,117.00832471251488,True
373,2.6931065262099843,2.6423672460278453,8.657281130376302e-05,114.17984962463379,True
374,2.5358437206930744,2.6345233929831267,8.648882383146361e-05,122.2044788300991,True
375,3.5679479888690415,2.6649239028073453,8.640461551923638e-05,120.89292705059052,True
376,3.0197092302383917,2.676424184904505,8.63201868767321e-05,124.8992457985878,True
377,2.684006305174394,2.6796122260283965,8.623553841493508e-05,117.12722852826118,True
378,3.214005830742064,2.675417704541566,8.615067064615998e-05,120.18485739827156,True
379,3.042153895959346,2.6928809726445024,8.606558408404881e-05,117.46440455317497,True
380,2.565356957912445,2.698827573658974,8.598027924356774e-05,120.22773548960686,True
381,2.6118685413977345,2.6936761955648336,8.589475664100399e-05,118.24536696076393,True
382,2.585845371210797,2.6924715237705783,8.580901679396283e-05,116.59222096204758,True
383,2.8364446217673165,2.694991782459482,8.572306022136426e-05,115.11234566569328,True
384,2.4476295868096325,2.6880776529192048,8.563688744344e-05,165.13046249747276,True
385,2.7372163599187678,2.68543512615377,8.555049898173029e-05,117.2284185886383,True
386,2.5612011632801575,2.674702753865766,8.546389535908075e-05,121.27833813428879,True
387,2.7002313298943603,2.670730541503012,8.537707709963922e-05,124.76680800318718,True
388,2.7111207748371395,2.6751154037278795,8.529004472885253e-05,114.18000981211662,True
389,2.456076602935791,2.6674679780092774,8.520279877346344e-05,117.04209446907043,True
390,3.034594028646296,2.6874777677150874,8.511533976150734e-05,121.33214995265007,True
391,2.7852294583653294,2.6932188951722296,8.50276682223091e-05,123.22129681706429,True
392,2.9922046408933753,2.6977628707759393,8.493978468647984e-05,122.54970520734787,True
393,2.568564762980301,2.686527904689761,8.485168968591377e-05,119.80454996228218,True
394,2.618456929922104,2.6964306192814433,8.476338375378494e-05,120.18833309412003,True
395,3.1091813368299985,2.7134432634558507,8.467486742454399e-05,121.5893067419529,True
396,2.7678766486085493,2.7192065628373285,8.458614123391494e-05,122.39093333482742,True
397,2.1618966957521155,2.7107854503697624,8.449720571889197e-05,121.34316191077232,True
398,2.5412714299123,2.7161620052529685,8.440806141773614e-05,122.55167216062546,True
399,2.660928780110038,2.7182935129979953,8.431870886997211e-05,121.55706807971,True
400,2.9760008900465365,2.7404669370831414,8.422914861638494e-05,130.3071565926075,True
401,2.809124593734741,2.7406844392553538,8.413938119901676e-05,124.64717030525208,True
402,2.6292977278882805,2.7363023061914475,8.404940716116352e-05,121.14972621202469,True
403,2.553229498339223,2.7348942415768605,8.395922704737167e-05,130.37414476275444,True
404,2.5578754284802607,2.7417343018237545,8.38688414034349e-05,117.33835190534592,True
405,3.0409699538566546,2.752605033937712,8.377825077639083e-05,118.7484972178936,True
406,2.821374135412228,2.761527859397688,8.36874557145177e-05,120.39309367537498,True
407,2.724565352612769,2.735172152014677,8.359645676733101e-05,123.02964180707932,True
408,2.967822493576422,2.7335506914939884,8.350525448558024e-05,122.57557362318039,True
409,2.557699030744815,2.7296035891680646,8.341384942124552e-05,125.76359510421753,True
410,2.7206775859968197,2.714187081519775,8.332224212753425e-05,127.46364623308182,True
411,2.8916819206136744,2.7094848322902223,8.323043315887781e-05,121.75377458333969,True
412,2.213157137235006,2.6984785878940514,8.313842307092812e-05,123.78456816077232,True
413,2.5566712151998763,2.6967536714503666,8.304621242055438e-05,123.38724359869957,True
414,2.4957275872974725,2.693937490703078,8.29538017658396e-05,123.06054309010506,True
415,2.320599999817662,2.6778173462671546,8.286119166607729e-05,120.67688629031181,True
416,2.4963981724955553,2.6793413645698365,8.276838268176806e-05,119.86967548727989,True
417,2.556994032485323,2.6737094168375393,8.267537537461623e-05,116.10543727874756,True
418,2.3736273565075616,2.6678477353758936,8.258217030752637e-05,117.35176667571068,True
419,2.5810602375223666,2.6641236387392695,8.248876804459999e-05,120.03888562321663,True
420,2.7391368417178885,2.664999140829295,8.23951691511321e-05,156.32276237010956,True
421,2.330785083499822,2.6610837808469228,8.230137419360772e-05,127.128716558218,True
422,2.3765167923447508,2.6405188672124993,8.220738373969853e-05,123.20338562130928,True
423,2.6994336013905484,2.637837746682038,8.211319835825939e-05,118.40368062257767,True
424,2.625295806438365,2.6263718456053198,8.201881861932493e-05,117.84447729587555,True
425,2.455214229243541,2.622829641426044,8.192424509410603e-05,115.90290814638138,True
426,2.5251134960514725,2.6199126591175883,8.182947835498653e-05,125.15807151794434,True
427,2.90274995663127,2.613461678486374,8.173451897551954e-05,122.47385829687119,True
428,2.9905095875263212,2.620418957827553,8.16393675304241e-05,119.83229592442513,True
429,2.321325090352227,2.625401095158807,8.154402459558175e-05,118.46645176410675,True
430,2.6010045242864033,2.6272677543580016,8.144849074803289e-05,117.45961755514145,True
431,2.3956001808083123,2.618976235629823,8.135276656597342e-05,117.55581572651863,True
432,2.5911511807214644,2.6069496822134113,8.125685262875118e-05,113.62818256020546,True
433,2.532183936768514,2.5982952866832107,8.116074951686248e-05,119.12541463971138,True
434,2.6103708641134578,2.5977038221902475,8.106445781194853e-05,123.74657392501831,True
435,2.622148185787779,2.599857531173015,8.096797809679198e-05,119.75594609975815,True
436,2.662185326675696,2.603117215491622,8.087131095531337e-05,119.72241476178169,True
437,2.4487671617950713,2.584610878239701,8.077445697256756e-05,129.05844673514366,True
438,2.550364027917385,2.5761418123804845,8.067741673474025e-05,124.2343820631504,True
439,2.2522037719768253,2.5613805129856146,8.058019082914443e-05,136.1384242773056,True
440,2.730485154075857,2.553963721126223,8.048277984421673e-05,120.6987090408802,True
441,2.6133648680477606,2.555703278541941,8.038518436951398e-05,120.88831141591072,True
442,2.9080350945709617,2.5615582006848854,8.028740499570959e-05,122.6613037288189,True
443,2.58813011513816,2.552072206763782,8.018944231458996e-05,115.983497351408,True
444,2.8231337056188526,2.571133974525779,8.009129691905091e-05,116.5148913860321,True
445,2.8662555089560886,2.5808084837056597,7.999296940309411e-05,116.32660403847694,True
446,2.8764644404820032,2.5927065103676767,7.989446036182347e-05,119.12734061479568,True
447,2.5937846049495126,2.601243529278044,7.979577039144151e-05,119.70505490899086,True
448,2.5175194849913147,2.601903570293537,7.969690008924583e-05,120.9794320166111,True
449,2.189603249231974,2.590422608316871,7.959785005362541e-05,127.53716483712196,True
450,2.6755877020715295,2.5998588691157423,7.949862088405702e-05,120.09882926940918,True
451,2.415447845766621,2.594683481873375,7.939921318110164e-05,119.57526952028275,True
452,2.628472279917243,2.591225214317106,7.92996275464007e-05,119.73780021071434,True
453,2.406407248466573,2.593588406972316,7.919986458267261e-05,127.76411697268486,True
454,2.326965003837774,2.5920399135814733,7.909992489370899e-05,121.38449400663376,True
455,2.3830804377794266,2.582153877218623,7.899980908437099e-05,127.33105942606926,True
456,2.6968741344683096,2.5843906999695605,7.889951776058577e-05,121.45450338721275,True
457,3.020372452226075,2.6020518944377713,7.879905152934273e-05,121.9179555773735,True
458,2.498093830065781,2.6012075298757154,7.869841099868978e-05,119.17563527822495,True
459,2.6421737639934983,2.5930645238557872,7.859759677772985e-05,122.4009282886982,True
460,2.737294296184218,2.5851515460013488,7.849660947661702e-05,126.96851789951324,True
461,2.524969456512804,2.591515432443863,7.839544970655288e-05,117.07905679941177,True
462,2.675283329627093,2.5938366451107555,7.829411807978292e-05,116.9649101793766,True
463,2.5816024194789837,2.5996492150692134,7.819261520959271e-05,120.63352391123772,True
464,2.6345924388862656,2.601006754386866,7.80909417103042e-05,121.36074155569077,True
465,2.560710398077268,2.6018982063027636,7.798909819727209e-05,114.89853262901306,True
466,2.421054941415787,2.595982083718461,7.788708528688e-05,139.43542167544365,True
467,2.4611672962253746,2.590951430919631,7.778490359653683e-05,119.21170353889465,True
468,2.3952483731198173,2.582609651121011,7.768255374467294e-05,117.62357130646706,True
469,2.7188152074813843,2.5910486525487073,7.758003635073648e-05,117.72304028272629,True
470,2.445881094688024,2.587783560885292,7.747735203518956e-05,120.2949620783329,True
471,2.8612260391682756,2.6068155067350247,7.737450141950461e-05,115.90376868844032,True
472,2.568248952709654,2.6017456254423266,7.727148512616054e-05,124.83072653412819,True
473,2.6253134924688455,2.602119019955488,7.716830377863891e-05,120.42511999607086,True
474,2.6409420067188787,2.5937723609601093,7.706495800142033e-05,129.4258050620556,True
475,2.5505184445116256,2.592596996253029,7.696144841998052e-05,120.99738791584969,True
476,2.255150932633416,2.5748475345972324,7.685777566078659e-05,119.79633569717407,True
477,2.408882581270658,2.560554630607065,7.675394035129328e-05,131.85573741793633,True
478,2.509872030937809,2.5490986178088093,7.66499431199391e-05,125.69744884967804,True
479,2.8581740509864337,2.5573607879974674,7.654578459614252e-05,139.02334868907928,True
480,2.523954451084137,2.557561880687871,7.644146541029831e-05,132.86513835191727,True
481,2.324401871122495,2.561774337621948,7.633698619377346e-05,123.17310646176338,True
482,2.317899757418139,2.550596589351535,7.623234757890362e-05,137.1077448129654,True
483,2.7895241982755605,2.5622864753674364,7.61275501989891e-05,122.8017807006836,True
484,2.8903835997861975,2.570471204113339,7.602259468829112e-05,117.60040372610092,True
485,2.7548828280490376,2.581361065975287,7.591748168202795e-05,146.88050374388695,True
486,2.4120072782709356,2.5840186370513223,7.581221181637107e-05,154.80885654687881,True
487,2.847004276807191,2.5985162570209397,7.570678572844128e-05,124.37041848897934,True
488,2.31957563216036,2.586725678823818,7.560120405630493e-05,128.39534878730774,True
489,2.7661755720774335,2.5787820263191676,7.549546743896996e-05,131.45336508750916,True
490,2.089504872481835,2.5660136213946743,7.53895765163821e-05,126.30048021674156,True
491,2.4934621426192196,2.5613663832267264,7.528353192942098e-05,163.91655802726746,True
492,2.6849341752917266,2.5597301294488375,7.517733431989626e-05,122.85906821489334,True
493,2.6321529406535475,2.5630796133282345,7.507098433054367e-05,127.53896787762642,True
494,2.5625691489328313,2.5595572951815413,7.496448260502126e-05,120.37967145442963,True
495,2.389121991832082,2.5535422818175775,7.485782978790537e-05,126.3708770275116,True
496,2.5148270477851233,2.5497996133456624,7.475102652468684e-05,136.60118356347084,True
497,2.55538626599707,2.549633234218156,7.4644073461767e-05,122.9725256562233,True
498,2.632653725923166,2.556245696234008,7.453697124645382e-05,123.63598495721817,True
499,2.870942389353728,2.5690511678942727,7.442972052695799e-05,126.2783482670784,True
500,2.814526144569442,2.582153598252077,7.4322321952389e-05,119.32922154664993,True
501,2.472372288916521,2.5744522570469286,7.421477617275116e-05,120.6933930516243,True
502,2.313820177382165,2.570325353381122,7.410708383893971e-05,122.98747152090073,True
503,2.693245742694441,2.5650759691163145,7.399924560273693e-05,120.35391107201576,True
504,2.3875124196338047,2.559427952457696,7.389126211680805e-05,130.0710067152977,True
505,2.578418628945535,2.5579624879725884,7.378313403469747e-05,121.13184481859207,True
506,2.503963713238879,2.5536819163013362,7.367486201082466e-05,129.2475387454033,True
507,2.7599569483299478,2.5602268695456587,7.356644670048032e-05,121.03958055377007,True
508,2.3278324216991275,2.562498166078967,7.345788875982231e-05,121.69033661484718,True
509,2.440190635266758,2.5634765427663453,7.334918884587178e-05,129.5390985906124,True
510,2.786457552297695,2.5721198403088366,7.324034761650906e-05,124.12364408373833,True
511,2.4276350867457506,2.5586654976763157,7.313136573046984e-05,124.61626529693604,True
512,2.979194943294969,2.5728917630579033,7.302224384734105e-05,120.35341560840607,True
513,2.573080948029441,2.5806629842112443,7.291298262755693e-05,126.8574632704258,True
514,2.3865687873926054,2.5828088913979457,7.280358273239503e-05,121.41511589288712,True
515,2.463739149272442,2.5726281086165983,7.26940448239722e-05,130.15828654170036,True
516,2.8835824135534778,2.572415571546827,7.258436956524059e-05,123.78918007016182,True
517,2.2703698568227813,2.5572745411960085,7.24745576199836e-05,123.48790466785431,True
518,2.4983465313222366,2.5599726428538645,7.23646096528119e-05,121.04932591319084,True
519,2.563408785951352,2.551110283764622,7.225452632915946e-05,120.2770434319973,True
520,2.357772837514463,2.552303946431934,7.214430831527936e-05,131.98674097657204,True
521,3.36952086857387,2.5711584869474464,7.203395627823995e-05,124.35764819383621,True
522,2.198010046469984,2.574549273634574,7.192347088592068e-05,141.6335515677929,True
523,2.111053311372105,2.5625989976581067,7.181285280700809e-05,126.2507252395153,True
524,2.5704873716755277,2.559022535045095,7.170210271099181e-05,128.53079289197922,True
525,2.3900312321095525,2.5514562316530984,7.159122126816046e-05,122.63045832514763,True
526,2.481098984181881,2.548910289004631,7.148020914959761e-05,131.37106969952583,True
527,2.856273976628652,2.563508788529525,7.136906702717769e-05,128.8674883544445,True
528,2.851622935222543,2.574033660011949,7.125779557356193e-05,123.04632738232613,True
529,2.5244267000470844,2.5730661735760165,7.11463954621944e-05,123.56723472476006,True
530,3.3113223469775654,2.594274567983966,7.103486736729775e-05,126.82081758975983,True
531,2.6527377793663427,2.587455673921859,7.092321196386923e-05,120.10356411337852,True
532,2.6821163977895464,2.5833178693349836,7.081142992767664e-05,122.74646386504173,True
533,2.586252190584054,2.5868766162620886,7.069952193525417e-05,123.07101115584373,True
534,2.403477015911333,2.5896783924661193,7.058748866389831e-05,130.1332451403141,True
535,2.46782971577472,2.5826341416248795,7.04753307916638e-05,126.08269974589348,True
536,2.329524221727925,2.580822010440322,7.036304899735948e-05,117.94908344745636,True
537,2.5885996792197887,2.581140168261399,7.025064396054419e-05,116.68862029910088,True
538,2.6560212277818,2.585891965590868,7.013811636152272e-05,118.52778121829033,True
539,2.9412642074353768,2.5915578174379093,7.002546688134158e-05,122.69558012485504,True
540,1.9988676087653383,2.5812776670337243,6.991269620178496e-05,118.35380643606186,True
541,2.288138511740131,2.576526038173512,6.979980500537056e-05,125.69421902298927,True
542,3.09903436931756,2.586294063705381,6.968679397534552e-05,120.7532286643982,True
543,2.6871584089930187,2.59440416752561,6.95736637956822e-05,119.944017380476,True
544,2.2462035170415553,2.571498185455191,6.946041515107414e-05,119.13231015205383,True
545,2.4135865319973577,2.5665139849541916,6.934704872693179e-05,117.80446022748947,True
546,2.7710416883957096,2.5785287631105334,6.923356520937847e-05,117.29851737618446,True
547,2.476821029508436,2.578937571867911,6.91199652852462e-05,124.34625998139381,True
548,2.5488194847106933,2.568476230341574,6.90062496420715e-05,122.04254418611526,True
549,2.2492464451413405,2.56781612372653,6.889241896809125e-05,124.01169911026955,True
550,2.4862337623323714,2.5674375996955945,6.877847395223851e-05,124.76520985364914,True
551,2.140000845179146,2.5542061015464625,6.866441528413842e-05,124.12675470113754,True
552,2.8450716932614646,2.569434190788556,6.855024365410393e-05,129.12444025278091,True
553,2.222366924745491,2.5335856300439232,6.843595975313167e-05,122.38434329628944,True
554,2.7918730212981444,2.5521438480073044,6.832156427289779e-05,120.79725414514542,True
555,2.067111747209416,2.5507706741272145,6.82070579057537e-05,119.93131041526794,True
556,2.8108466877656824,2.5582819027550343,6.809244134472196e-05,118.90124157071114,True
557,2.672327705294068,2.5671036675420495,6.797771528349205e-05,121.24093994498253,True
558,2.515001557767391,2.5681631229665953,6.786288041641617e-05,128.32649052143097,True
559,2.4639363262388443,2.5559025713919112,6.774793743850505e-05,122.96900525689125,True
560,2.344407753263201,2.5400520969556766,6.763288704542369e-05,126.47060304880142,True
561,2.8036691675741205,2.548778424065894,6.751772993348728e-05,113.50598931312561,True
562,2.200679868285419,2.5140708466067636,6.740246679965683e-05,118.48822236061096,True
563,2.6145135951198006,2.5128763408490613,6.728709834153504e-05,119.63798105716705,True
564,2.7728913436501714,2.515713057907206,6.717162525736205e-05,116.79631471633911,True
565,2.824772101073038,2.5231668051099874,6.705604824601127e-05,126.64502486586571,True
566,2.4714062951203717,2.525289595085276,6.694036800698504e-05,128.81794199347496,True
567,2.645809574299548,2.5308514656641776,6.682458524041053e-05,121.18545174598694,True
568,2.891647055997687,2.5484178042351076,6.670870064703536e-05,118.56226623058319,True
569,2.4005414586175573,2.542540984841281,6.65927149282235e-05,119.30060014128685,True
570,2.140867915069848,2.526442443819029,6.647662878595088e-05,119.24433335661888,True
571,2.905569478367152,2.525326983535649,6.636044292280135e-05,117.46275424957275,True
572,2.631171479992483,2.5450864795114967,6.624415804196214e-05,117.14150011539459,True
573,2.6971489415449255,2.5578680554429027,6.612777484721986e-05,117.66446754336357,True
574,2.789724482747609,2.5482021214875985,6.60112940429561e-05,121.29054218530655,True
575,2.557359481502224,2.5441459050035107,6.589471633414326e-05,118.30311641097069,True
576,2.073802953607896,2.538758387396207,6.577804242634016e-05,116.4558194577694,True
577,2.4257052097728544,2.5391370960766864,6.56612730256879e-05,117.92506277561188,True
578,2.8275649504228073,2.5409034480150368,6.554440883890547e-05,119.33595314621925,True
579,2.556213690295364,2.5433844686646268,6.542745057328563e-05,119.27174031734467,True
580,2.0976612000580293,2.529285772269226,6.53103989366904e-05,120.78366428613663,True
581,2.516602213397348,2.5376406400272273,6.519325463754702e-05,127.7569830417633,True
582,2.654347342146924,2.542894189396428,6.507601838484346e-05,118.80123987793922,True
583,2.572981170527843,2.556424824563571,6.49586908881243e-05,115.61902612447739,True
584,2.720750230279836,2.5525397788454,6.484127285748625e-05,126.21796503663063,True
585,2.3184248515736985,2.555541589058784,6.472376500357408e-05,118.85853856801987,True
586,2.6825380216945303,2.5521248703211654,6.460616803757608e-05,117.75842681527138,True
587,3.0109289205527006,2.581619156988147,6.448848267121992e-05,117.75892227888107,True
588,2.9872306854880635,2.587131156916975,6.437070961676834e-05,121.12826853990555,True
589,2.623760904584612,2.5856134443948022,6.425284958701467e-05,119.44598332047462,True
590,2.6695631048773643,2.59044349274199,6.413490329527876e-05,114.50399085879326,True
591,2.3856098416161404,2.58799579009753,6.401687145540245e-05,117.04052984714508,True
592,2.5444487766786055,2.5942470720792628,6.389875478174542e-05,116.65314435958862,True
593,2.5594985354077684,2.5866167398240663,6.378055398918073e-05,120.06165832281113,True
594,2.6944535367868165,2.602047166964738,6.366226979309054e-05,116.86903983354568,True
595,2.3081609254692035,2.592473646038151,6.354390290936185e-05,141.3271203637123,True
596,2.250394805532987,2.5761456292219904,6.342545405438203e-05,121.8927875161171,True
597,3.009748451253201,2.5819261401651232,6.330692394503465e-05,114.70130831003189,True
598,2.5174143300253964,2.5833638912558996,6.318831329869498e-05,120.26020139455795,True
599,2.245157151878951,2.570843503055251,6.306962283322575e-05,118.9350038766861,True
600,2.2411372363567352,2.5505150711914695,6.295085326697277e-05,122.98193573951721,True
601,2.7003111942954687,2.5598828754314056,6.28320053187606e-05,114.99546840786934,True
602,2.5988513888983893,2.574194858988548,6.271307970788818e-05,116.11516773700714,True
603,2.569900053197687,2.5637051894520013,6.259407715412447e-05,133.8232271373272,True
604,3.020425202740226,2.5758693682878686,6.247499837770414e-05,125.39636716246605,True
605,2.2059980265666983,2.5605209021947957,6.235584409932315e-05,117.23605170845985,True
606,2.5557420958754835,2.55320895260504,6.223661504013445e-05,124.50692057609558,True
607,2.4589382252061225,2.5501332883457835,6.211731192174352e-05,121.53635919094086,True
608,2.402115627001691,2.560393059389341,6.199793546620418e-05,116.75090342760086,True
609,2.7255953367502412,2.5697646258573883,6.187848639601397e-05,122.77735024690628,True
610,2.3506918045736493,2.5548623400496027,6.175896543411002e-05,120.3666441142559,True
611,2.624920205207868,2.557009418640618,6.163937330386449e-05,119.8418065905571,True
612,2.130078043256487,2.55802244499057,6.151971072908034e-05,142.44292676448822,True
613,2.795147180557251,2.5667269752143156,6.13999784339868e-05,124.0631714463234,True
614,2.1835534103800742,2.5520146648466024,6.128017714323516e-05,114.95089530944824,True
615,2.8621647216178276,2.5610516508181647,6.11603075818942e-05,115.51329493522644,True
616,2.356169760592876,2.549658511140443,6.104037047544596e-05,119.2542351782322,True
617,2.5733635288018446,2.5576253448038173,6.0920366549781236e-05,121.29068002104759,True
618,2.550305419320228,2.553493075979624,6.0800296531195236e-05,118.46854165196419,True
619,2.5684240622953936,2.539664799159084,6.0680161146383206e-05,120.45418098568916,True
620,2.806077689960085,2.5340037680488336,6.055996112243598e-05,113.98091912269592,True
621,2.762438436349233,2.5383374409164787,6.043969718683563e-05,119.87058818340302,True
622,2.226673412322998,2.5244971380241523,6.0319370067450984e-05,116.82784929871559,True
623,2.7194066974094935,2.5349282897676986,6.019898049253337e-05,115.64815416932106,True
624,2.5477737889570347,2.535032196401403,6.007852919071202e-05,118.23787167668343,True
625,2.4332188922453692,2.531085957552577,5.995801689098981e-05,117.57267639040947,True
626,2.5818055681435457,2.527565708532478,5.983744432273875e-05,116.3441389799118,True
627,2.7763020035567556,2.542195117222718,5.971681221569565e-05,120.65590545535088,True
628,2.894355702262393,2.562318895245511,5.959612129995763e-05,117.90823191404343,True
629,2.9362604083436907,2.560022393904589,5.9475372305977784e-05,117.96323955059052,True
630,2.5619316697120667,2.5614135607698003,5.935456596456064e-05,117.86342039704323,True
631,2.169903449077702,2.559061882557266,5.923370300685788e-05,120.61823531985283,True
632,2.4909865347350517,2.566869673131592,5.911278416436378e-05,126.19733437895775,True
633,2.452601610397806,2.559128748634791,5.899181016891091e-05,119.47183310985565,True
634,2.1901484821619612,2.546356782799279,5.887078175266556e-05,127.45736539363861,True
635,2.5117519124906664,2.5445396534021825,5.874969964812349e-05,119.12146955728531,True
636,2.6590215282878655,2.533245788575549,5.8628564588105293e-05,117.59817600250244,True
637,2.5503196062111275,2.5440058379394372,5.850737730575213e-05,118.1846335530281,True
638,2.813082904387743,2.552047738205445,5.838613853452121e-05,118.54183301329613,True
639,2.178756452577059,2.5432920578107883,5.8264849008181334e-05,116.9535182416439,True
640,2.496200676122423,2.546232215595815,5.8143509460808544e-05,116.04863777756691,True
641,2.302441891501932,2.533008670431805,5.802212062678156e-05,115.52154645323753,True
642,2.3764269527267006,2.533812893811586,5.790068324077746e-05,118.5196191072464,True
643,2.1887088657098976,2.5201812894522746,5.777919803776714e-05,119.22106891870499,True
644,2.747090720490321,2.5394629356158376,5.7657665753010867e-05,123.69774654507637,True
645,2.5681876753057753,2.53237045107673,5.753608712205391e-05,119.0381646156311,True
646,2.420200685311479,2.539765678418341,5.741446288072202e-05,123.68427217006683,True
647,2.4448310616372644,2.526724001543947,5.729279376511697e-05,114.37135934829712,True
648,2.699239435261243,2.537444928877335,5.7171080511612173e-05,119.04053390026093,True
649,2.6053646164555704,2.5384449628665138,5.7049323856848134e-05,120.93038111925125,True
650,2.5762250209282973,2.539254950416769,5.692752453772805e-05,115.43890833854675,True
651,2.2858595310608085,2.530424808815688,5.6805683291413314e-05,116.24187603592873,True
652,2.324901150254642,2.5153880419498904,5.6683800855319126e-05,118.56221407651901,True
653,2.109815721270404,2.4949935821036817,5.656187796710991e-05,119.8679655790329,True
654,2.2199573730457725,2.494783705876266,5.643991536469497e-05,116.37566238641739,True
655,2.4354401420760943,2.485909751022092,5.631791378622393e-05,116.33515357971191,True
656,2.6749721798089032,2.489884700736205,5.6195873970082346e-05,116.06835946440697,True
657,2.5871412094284154,2.4946947731481757,5.607379665488717e-05,120.9433451294899,True
658,2.63882557012267,2.4964766482100202,5.595168257948232e-05,116.72033369541168,True
659,2.5382510957779822,2.4890375573419306,5.582953248293419e-05,118.10735985636711,True
660,2.582248268219141,2.479284200028083,5.570734710452721e-05,117.49480292201042,True
661,2.69167674314685,2.4716409604906744,5.5585127183759276e-05,118.3936595916748,True
662,3.095136313305961,2.4883036056029795,5.5462873460337436e-05,118.16704273223877,True
663,2.4474916246872915,2.4969782360907757,5.534058667417325e-05,118.87753754854202,True
664,2.4176673748913933,2.494687012345665,5.5218267565378415e-05,124.08212199807167,True
665,2.576223407883242,2.49855019351709,5.509591687426023e-05,114.49402570724487,True
666,2.448707049233573,2.5066301487380827,5.497353534131717e-05,118.81187930703163,True
667,2.4745953846513555,2.505469007243107,5.485112370723438e-05,117.25028231739998,True
668,2.664798996405687,2.505649553121792,5.47286827128791e-05,114.4784577190876,True
669,2.8269408067067463,2.514293965637279,5.4606213099296366e-05,116.33651331067085,True
670,2.5028537860891436,2.5045993056904408,5.448371560770439e-05,120.19872665405273,True
671,2.6575653151179965,2.519562082644846,5.436119097949009e-05,119.01784688234329,True
672,2.466779652936959,2.5186426756703,5.423863995620464e-05,118.62951889634132,True
673,2.52847266350037,2.525706137295252,5.411606327955897e-05,127.32596322894096,True
674,2.429253571911862,2.5273569691447904,5.399346169141926e-05,120.00800296664238,True
675,2.5811893162520034,2.5396219832242366,5.3870835933802455e-05,116.69071018695831,True
676,2.1828693737641225,2.521990066139047,5.3748186748871786e-05,115.2334064245224,True
677,2.6172011216933075,2.523521736338651,5.362551487893229e-05,120.1634332537651,True
678,2.4975872646422075,2.525940066942738,5.3502821066426265e-05,117.6319420337677,True
679,2.6892483475842055,2.5335781071285766,5.338010605392884e-05,124.7364729642868,True
680,2.2825531966714974,2.5205566621726447,5.325737058414345e-05,124.58724901080132,True
681,2.722506939306767,2.5242173597617423,5.3134615399897325e-05,120.29317021369934,True
682,2.755745753065332,2.5298273826410167,5.301184124413702e-05,123.09186905622482,True
683,2.505844155947367,2.5367019021687156,5.288904885992392e-05,122.50641733407974,True
684,2.6774829331739447,2.5477200828849433,5.27662389904297e-05,121.25322222709656,True
685,2.47788651693951,2.5592222952496044,5.2643412378931937e-05,117.84540116786957,True
686,2.2613603515284404,2.5605161383271877,5.252056976880942e-05,119.29026991128922,True
687,2.5329941652588923,2.5635647015516554,5.23977119035379e-05,115.30935391783714,True
688,2.3783185655420476,2.5542942761058214,5.227483952668533e-05,120.40889263153076,True
689,2.5376428725735454,2.5527474530791068,5.215195338190757e-05,118.28476563096046,True
690,1.9238561765257134,2.5304046595291965,5.2029054212943785e-05,118.57157200574875,True
691,2.7125721928532136,2.5358521938128007,5.190614276361196e-05,118.0785521864891,True
692,2.70968672817136,2.539834645686298,5.1783219777804404e-05,119.6226254105568,True
693,2.3877966537238646,2.530338392891835,5.166028599948328e-05,118.89833584427834,True
694,2.8106957045468417,2.521449623868122,5.153734217267601e-05,127.82013788819313,True
695,2.4136404772481974,2.520391775510646,5.141438904147088e-05,116.08972772955894,True
696,2.817615893449676,2.532890166715589,5.129142735001247e-05,118.89516934752464,True
697,2.5688178894682703,2.5326587442651203,5.116845784249717e-05,118.00334602594376,True
698,2.2371291253740426,2.526046934144503,5.104548126316869e-05,120.21179124712944,True
699,2.3509274318719364,2.5221823106201526,5.092249835631352e-05,118.11775341629982,True
700,2.7264034568918922,2.524107450010348,5.079950986625645e-05,122.59173765778542,True
701,2.4353708564835106,2.511870889065875,5.067651653735607e-05,121.99407815933228,True
702,2.59447181224823,2.5147339523833523,5.0553519114000255e-05,120.16191333532333,True
703,2.2683944041664534,2.5025723614161137,5.043051834060164e-05,127.99203023314476,True
704,2.364749063551426,2.499383905497808,5.0307514961593175e-05,122.0991425216198,True
705,2.2635261240722127,2.491104326140672,5.018450972142352e-05,119.23020705580711,True
706,2.4055687001581942,2.490364173898371,5.006150336455268e-05,122.62143194675446,True
707,2.440406562369547,2.4859647128395324,4.993849663544734e-05,136.19563356041908,True
708,2.311827819006784,2.4899946642533592,4.981549027857649e-05,121.03313952684402,True
709,2.2904152926276713,2.4797826070950606,4.969248503840686e-05,119.9229396879673,True
710,2.1623807231133636,2.4693074026722854,4.956948165939837e-05,115.94938486814499,True
711,2.4189974496394027,2.4608620621115165,4.944648088599977e-05,117.09701642394066,True
712,2.6535619816114737,2.4724560866408893,4.9323483462643944e-05,118.09416487812996,True
713,2.2026899892292664,2.456211806950975,4.9200490133743565e-05,115.5138611793518,True
714,2.6889680005885936,2.4541250021860748,4.907750164368649e-05,115.25293812155724,True
715,2.598369021525328,2.4570164042353895,4.895451873683132e-05,118.41434240341187,True
716,2.8719928694067534,2.4630948397426664,4.883154215750283e-05,119.01439353823662,True
717,2.595387648452412,2.466766750102437,4.870857264998755e-05,114.44355547428131,True
718,2.4739704913990472,2.4734108169733986,4.858561095852913e-05,119.51196193695068,True
719,2.187694142460823,2.462620191260953,4.846265782732401e-05,116.9862374663353,True
720,2.5642527499830865,2.4684306345247364,4.8339714000516736e-05,119.70841139554977,True
721,2.756189719835917,2.4752602235016923,4.82167802221956e-05,115.05607515573502,True
722,2.0221797938806465,2.478332836544041,4.809385723638805e-05,116.49928987026215,True
723,2.419485827160489,2.4691738876161367,4.797094578705623e-05,116.68795719742775,True
724,2.2452006522346943,2.4546586977431275,4.784804661809244e-05,117.36852303147316,True
725,2.6606930996636926,2.4631867116787447,4.7725160473314685e-05,118.17590892314911,True
726,2.1102835419615347,2.4412988315979476,4.7602288096462115e-05,116.83229729533195,True
727,2.456580827927448,2.442640717556685,4.747943023119058e-05,116.54526367783546,True
728,2.9665171003341673,2.447293880271829,4.7356587621068075e-05,116.14280194044113,True
729,2.0494239989747394,2.4310628211939047,4.7233761009570315e-05,114.92248624563217,True
730,2.164330523064796,2.428787864871751,4.711095114007609e-05,114.70917984843254,True
731,2.6895648267242933,2.4393702834608746,4.698815875586301e-05,115.46903103590012,True
732,2.2371715940075156,2.4240817877457346,4.686538460010268e-05,118.9751923084259,True
733,2.437696426772,2.4241544618172526,4.674262941585657e-05,114.61386829614639,True
734,2.952750625124403,2.435350674719629,4.661989394607116e-05,119.8720820248127,True
735,2.2259270199657193,2.4340235689633545,4.6497178933573754e-05,115.89240655303001,True
736,2.7058039460863386,2.444681534042573,4.637448512106772e-05,116.2823997437954,True
737,2.3128640779199445,2.4462233451003215,4.625181325112823e-05,113.22939395904541,True
738,2.2176408473183127,2.440350599699073,4.6129164066197556e-05,117.3478215932846,True
739,2.474352299497369,2.4414114039843184,4.600653830858077e-05,115.392055362463,True
740,2.649602782726288,2.451966871600547,4.5883936720441035e-05,118.32920089364052,True
741,2.305097255213507,2.452425682931363,4.576136004379538e-05,116.97298288345337,True
742,2.3282383869254524,2.4576087349254863,4.563880902050992e-05,114.10695686936378,True
743,2.0163457875556134,2.4450258704853667,4.551628439229564e-05,121.16024643182755,True
744,2.4452686111132302,2.438516702657296,4.539378690070364e-05,120.87506800889969,True
745,2.2959925089877076,2.4414324063997412,4.527131728712093e-05,117.80636385083199,True
746,2.1111083683354894,2.423374292891836,4.514887629276564e-05,115.89442193508148,True
747,2.1614951107693816,2.4097219831807166,4.502646465868284e-05,117.26697534322739,True
748,2.2150116032296485,2.3891913186126885,4.490408312573978e-05,116.29599705338478,True
749,3.1811885833740234,2.4074975978289928,4.478173243462162e-05,118.25644224882126,True
750,2.5227101126382516,2.4090207109927206,4.465941332582677e-05,115.70611968636513,True
751,2.3443513207319304,2.4139162478137024,4.453712653966257e-05,121.6934472322464,True
752,2.600245855575384,2.4150410323634617,4.4414872816240735e-05,116.68102070689201,True
753,2.6098565846158746,2.410468121887831,4.4292652895472795e-05,120.04682049155235,True
754,2.231351172129313,2.4170047274581066,4.417046751706582e-05,117.98335239291191,True
755,2.6197151856392806,2.4232618949105813,4.4048317420517675e-05,118.78614872694016,True
756,2.712083673477173,2.4378519893244004,4.392620334511284e-05,117.59549751877785,True
757,3.223151860992765,2.4554288256159396,4.3804126029917645e-05,117.01779812574387,True
758,2.685324994823601,2.473398871017878,4.368208621377608e-05,116.97931215167046,True
759,2.1992456618650458,2.4653571470784215,4.3560084635305034e-05,118.42070892453194,True
760,2.818037690185919,2.4607171655112836,4.343812203289011e-05,124.24872070550919,True
761,2.614433061576889,2.478373698717604,4.331619914468087e-05,117.66791716217995,True
762,2.3699338796891665,2.484798803612108,4.319431670858669e-05,118.38521808385849,True
763,2.7456309326359483,2.4865508694218477,4.307247546227195e-05,115.49848690629005,True
764,2.263519858099093,2.4873742526747122,4.295067614315188e-05,115.9692257642746,True
765,2.593795014707834,2.4922523335476967,4.282891948838783e-05,123.24096262454987,True
766,2.193953723907471,2.468539930384665,4.2707206234883036e-05,114.15818706154823,True
767,2.6412239089069596,2.4815179581640763,4.258553711927799e-05,116.64072796702385,True
768,2.605276099631661,2.4783764629623732,4.2463912877946104e-05,113.4154237806797,True
769,2.7669491840131357,2.4925666225277894,4.2342334246989145e-05,118.47658082842827,True
770,2.111630819177115,2.48925380914838,4.222080196223288e-05,114.10973966121674,True
771,2.5048383706575863,2.4902064988721406,4.209931675922254e-05,114.22804370522499,True
772,2.6259193575900532,2.4894663918366433,4.1977879373218444e-05,118.52781474590302,True
773,2.468813778498234,2.4945825331892877,4.185649053919147e-05,118.08868497610092,True
774,2.500569342797802,2.4999678755603014,4.173515099181868e-05,116.88126996159554,True
775,2.2926453110717593,2.508602235670182,4.16138614654788e-05,118.24268102645874,True
776,2.090145586449423,2.4975046411494475,4.149262269424788e-05,116.03628098964691,True
777,2.472398599867004,2.5030173314894313,4.137143541189471e-05,114.58627879619598,True
778,2.675379670801617,2.520650809691503,4.125030035187653e-05,117.14881286025047,True
779,2.0107144645104804,2.515938914495905,4.1129218247334436e-05,121.46775424480438,True
780,2.2478817887812355,2.5169661077943886,4.1008189831089105e-05,119.43657696247101,True
781,2.8472843011220297,2.506531598974007,4.088721583563622e-05,117.79047548770905,True
782,1.9764301632389878,2.4894603505552766,4.076629699314213e-05,115.3397187590599,True
783,3.1570829043443176,2.51485821254316,4.064543403543936e-05,120.54886668920517,True
784,2.0504896451445185,2.49767833096719,4.0524627694022234e-05,117.72715672850609,True
785,2.8789469401041665,2.506087404576192,4.040387870004237e-05,114.10701274871826,True
786,2.1212458950100523,2.5026466146662045,4.028318778430436e-05,116.65255948901176,True
787,2.4077363121203885,2.4960222748687357,4.016255567726126e-05,120.44202163815498,True
788,2.2418754558230556,2.4813282680670454,4.00419831090102e-05,119.28870528936386,True
789,2.2175615597825025,2.4499035711542234,3.992147080928798e-05,115.3654232621193,True
790,2.420026217691997,2.4416129843688594,3.980101950746663e-05,120.2879436314106,True
791,2.5167628321154365,2.451535395939189,3.9680629932549014e-05,116.60794541239738,True
792,2.348146249967463,2.436851288432365,3.956030281316439e-05,112.99040168523788,True
793,2.9533159966235396,2.4474413801525685,3.9440038877564025e-05,120.68953365087509,True
794,2.3793746619251186,2.4477364045974497,3.9319838853616805e-05,114.7293969988823,True
795,2.5105370725138805,2.440389721468634,3.919970346880477e-05,116.08413234353065,True
796,3.005987591795869,2.4635918381466553,3.907963345021878e-05,116.65038764476776,True
797,2.4040922462940215,2.4576636266337317,3.8959629524554045e-05,116.37230962514877,True
798,2.303534381183577,2.4610880221736124,3.88396924181058e-05,120.10671943426132,True
799,2.1394175524152192,2.4454065735332478,3.871982285676484e-05,121.60193175077438,True
800,3.3649438836357812,2.4691461917833806,3.86000215660132e-05,117.04111471772194,True
801,2.241639327119898,2.452730258755466,3.8480289270919675e-05,130.62771782279015,True
802,2.93253885313522,2.4783836348166517,3.836062669613552e-05,114.41302672028542,True
803,2.5174057937107204,2.4787763667870593,3.8241034565889995e-05,116.17913469672203,True
804,2.3911987301931217,2.4714413471808996,3.812151360398604e-05,114.57358300685883,True
805,2.445978351614692,2.47072774009078,3.8002064533795835e-05,128.59920784831047,True
806,2.5438658500589977,2.4720807559426845,3.7882688078256476e-05,136.4281289279461,True
807,2.4007943350335825,2.475460412941487,3.7763384959865564e-05,113.94119262695312,True
808,2.6535611773679357,2.4930671501576853,3.764415590067686e-05,116.83075875043869,True
809,2.396013943075437,2.490680129632949,3.7525001622295875e-05,116.51305481791496,True
810,2.5012886330888078,2.4852397847044188,3.7405922845875555e-05,115.65260961651802,True
811,2.4835545199257987,2.5000160364361506,3.728692029211184e-05,116.8496385216713,True
812,2.814779742264453,2.517731597482495,3.7167994681239425e-05,120.32103911042213,True
813,2.0818876014358696,2.4938129506173112,3.704914673302724e-05,121.83194980025291,True
814,2.8092325932638986,2.5198380265555897,3.6930377166774274e-05,114.56234753131866,True
815,2.6016988158226013,2.5024822737892833,3.681168670130503e-05,117.10545048117638,True
816,2.4406950903235014,2.514676193951132,3.669307605496537e-05,120.1937310397625,True
817,2.816243879809351,2.5127167233169274,3.657454594561797e-05,117.12168157100677,True
818,2.6088885391459744,2.5279555559461784,3.645609709063819e-05,121.34658917784691,True
819,2.35235730047976,2.526224961832412,3.633773020690947e-05,116.89431592822075,True
820,2.5118168757106716,2.5346606312039057,3.62194460108193e-05,118.56647208333015,True
821,2.2036326904554624,2.5342253540374315,3.610124521825459e-05,116.93192273378372,True
822,2.5312563030025625,2.537701294203387,3.5983128544597564e-05,125.74625760316849,True
823,2.35618508292968,2.5326832395413277,3.586509670472126e-05,121.34680151939392,True
824,2.1152965510632358,2.525406686450566,3.574715041298535e-05,116.24467745423317,True
825,1.9557807374568212,2.494233709601602,3.562929038323168e-05,118.31304430961609,True
826,2.611922287940979,2.5015008229145934,3.5511517328780094e-05,116.90869927406311,True
827,2.248005308167783,2.4932967052787802,3.539383196242393e-05,116.34575203061104,True
828,2.5023484284850372,2.4775579814253206,3.527623499642595e-05,118.20629984140396,True
829,2.392721820685823,2.4772026556250637,3.515872714251376e-05,118.84890869259834,True
830,2.1058093416556884,2.471023748139828,3.504130911187573e-05,116.38754233717918,True
831,2.4933739606245062,2.48208488589637,3.492398161515655e-05,121.09183147549629,True
832,2.7142921154108426,2.461752018139336,3.4806745362453004e-05,126.63504481315613,True
833,2.1954513714637285,2.460308644525071,3.4689601063309604e-05,121.75371497869492,True
834,2.452499845265094,2.445307425529137,3.45725494267144e-05,114.7049032151699,True
835,2.60027682960932,2.4478971454009724,3.445559116109454e-05,119.6548379957676,True
836,2.0652507751821036,2.437711271806876,3.433872697431211e-05,116.28495901823044,True
837,2.556344445173939,2.4411602122306135,3.4221957573659854e-05,118.13389509916306,True
838,2.3219324550273255,2.4342247936358774,3.410528366585675e-05,120.03450095653534,True
839,2.6407284262359783,2.441722733985955,3.398870595704391e-05,115.30068144202232,True
840,2.503498489071864,2.4370332749766987,3.3872225152780145e-05,119.09734085202217,True
841,2.730825697934186,2.4474961423160266,3.375584195803788e-05,120.06634846329689,True
842,2.3390349266172827,2.442425713988797,3.3639557077198655e-05,119.63509768247604,True
843,2.3891801015361325,2.439476513414121,3.3523371214049114e-05,115.86553603410721,True
844,2.391025939158031,2.426234207067054,3.340728507177651e-05,119.25217136740685,True
845,2.9555270315670388,2.453535439258644,3.3291299352964655e-05,122.80849739909172,True
846,2.5896628931949013,2.4466738861314923,3.3175414759589487e-05,116.88017472624779,True
847,3.017406735450599,2.4596647586198657,3.305963199301497e-05,118.90951171517372,True
848,2.4179209581641263,2.458953066989878,3.2943951753988744e-05,122.2466193139553,True
849,2.2001133433977764,2.439698987727013,3.282837474263796e-05,121.12390249967575,True
850,3.1581542311974293,2.4568635406036208,3.271290165846498e-05,118.42154711484909,True
851,2.3874256182573514,2.4579594255341704,3.259753320034319e-05,117.73774772882462,True
852,2.712712452162144,2.4642374122982744,3.2482270066512724e-05,117.5919845700264,True
853,2.6401882767677307,2.4778797743705354,3.236711295457631e-05,119.10832673311234,True
854,2.3912437118467738,2.4735043808969266,3.225206256149497e-05,118.00407618284225,True
855,2.25534653378104,2.4703531762360313,3.213711958358384e-05,116.39324575662613,True
856,2.3370457773437043,2.47728283955729,3.202228471650796e-05,116.87623336911201,True
857,2.2291662664470557,2.485826137338236,3.1907558655278055e-05,118.2020902633667,True
858,2.354260350880998,2.4777742018051043,3.1792942094246314e-05,115.18700793385506,True
859,2.6687466502189636,2.490922368744208,3.167843572710223e-05,123.16196784377098,True
860,2.044129988567977,2.476603042496791,3.156404024686833e-05,116.06505140662193,True
861,2.4710153854345975,2.4790497163951812,3.144975634589607e-05,116.77857860922813,True
862,2.1017655001746283,2.4789233463488927,3.1335584715861576e-05,120.26826664805412,True
863,2.2083982574483736,2.470017855624633,3.1221526047761495e-05,118.18554624915123,True
864,2.605197163675562,2.4666086383829082,3.110758103190876e-05,125.85114687681198,True
865,2.5841573888098286,2.478755701424973,3.099375035792851e-05,133.89242440462112,True
866,2.6196595322002065,2.4839794416416936,3.08800347147538e-05,123.89002367854118,True
867,2.56873815295137,2.482993857996135,3.076643479062153e-05,117.71326512098312,True
868,3.0424526276126986,2.5135314158846,3.065295127306822e-05,118.70628595352173,True
869,2.489626360478374,2.5114464757378556,3.0539584848925874e-05,114.93179947137833,True
870,2.2018481222066013,2.507693840337211,3.042633620431779e-05,115.25073274970055,True
871,2.682185485496284,2.5089893734390927,3.0313206024654482e-05,119.03804168105125,True
872,2.8347828813961575,2.5193420106992335,3.0200194994629437e-05,116.6190505027771,True
873,2.900281780805343,2.5246375132889654,3.008730379821505e-05,117.52662435173988,True
874,2.2710155248641968,2.522511906984178,2.9974533118658422e-05,121.28075957298279,True
875,1.9983302099364144,2.5102978478716835,2.9861883638477284e-05,119.38025802373886,True
876,2.2201694028322088,2.504958581111495,2.974935603945581e-05,117.63773486018181,True
877,2.791470036968108,2.499831800030279,2.9636951002640544e-05,125.54270774126053,True
878,1.8539511203765868,2.4768408071297046,2.952466920833622e-05,122.54748120903969,True
879,2.8506354204443998,2.4716292035357554,2.941251133610171e-05,120.02914398908615,True
880,2.688501762755123,2.48008485367923,2.9300478064745845e-05,118.72640252113342,True
881,2.3723222127086236,2.485466380845196,2.9188570072323385e-05,120.05258724093437,True
882,2.5155561713524808,2.465385191475036,2.9076788036130776e-05,118.32290887832642,True
883,2.3873659813042845,2.4653833278202484,2.8965132632702274e-05,119.08185854554176,True
884,2.5958409108472673,2.461731092154153,2.885360453780562e-05,115.11219665408134,True
885,2.8152647771333394,2.4672022327905836,2.8742204426438085e-05,118.75101178884506,True
886,2.454332343081838,2.4691737525166673,2.8630932972822332e-05,121.50948122143745,True
887,2.600811030975608,2.4799695180540056,2.8519790850402407e-05,124.25198778510094,True
888,2.3602215686401764,2.4806937615320237,2.8408778731839548e-05,122.06043675541878,True
889,2.4713221083987844,2.4882611315930205,2.82978972890082e-05,116.09060689806938,True
890,2.316105091912406,2.4870687797502598,2.8187147192991915e-05,123.70819970965385,True
891,3.0211359897773424,2.498080946611452,2.8076529114079343e-05,115.41461199522018,True
892,1.9235975621110302,2.4943143082846717,2.7966043721760065e-05,118.9044676721096,True
893,3.399091164749789,2.5233166763882764,2.7855691684720652e-05,119.26856637001038,True
894,2.6587327456324354,2.5407219028088264,2.774547367084055e-05,119.15107443928719,True
895,2.678707142809888,2.555419055476378,2.7635390347188094e-05,121.46924436092377,True
896,2.3732714127686063,2.548171375760532,2.752544238001642e-05,115.388885140419,True
897,2.0026234106584027,2.5299984389433092,2.741563043475943e-05,117.02755466103554,True
898,2.2238994676075623,2.517630936924789,2.7305955176027798e-05,113.97728696465492,True
899,2.474462120621293,2.514684810914474,2.7196417267604978e-05,119.16550248861313,True
900,2.8462058714966276,2.5085520997858453,2.708701737244309e-05,115.09765684604645,True
901,2.234598411300968,2.500582476374049,2.6977756152658984e-05,114.55085501074791,True
902,2.529101328416304,2.510809139068101,2.686863426953017e-05,122.50591814517975,True
903,2.187974433452762,2.4953650436917485,2.675965238349095e-05,118.3331124484539,True
904,2.494042682647705,2.484716912480863,2.6650811154128242e-05,114.95008692145348,True
905,2.024950069350165,2.4573627964978897,2.65421112401777e-05,115.50775170326233,True
906,2.4652054444544733,2.463431231485089,2.6433553299519685e-05,118.10874193906784,True
907,2.0618310241059885,2.465415631927897,2.6325137989175353e-05,115.28739333152771,True
908,2.0743849582450333,2.4608598680345466,2.621686596530255e-05,113.72002586722374,True
909,2.4250647562002046,2.4494097030105593,2.6108737883191968e-05,118.71057003736496,True
910,2.3582807918267745,2.4651700052433796,2.600075439726308e-05,119.94672194123268,True
911,2.589847134053707,2.4570203712936802,2.5892916161060287e-05,119.23431232571602,True
912,2.127459558759417,2.4394878024188102,2.578522382724886e-05,116.80204793810844,True
913,2.2903436306544713,2.4369259717296217,2.567767804761102e-05,114.56694826483727,True
914,2.0321678698062895,2.4218200873063154,2.557027947304201e-05,118.14464256167412,True
915,2.2204129981117013,2.416602806581551,2.5463028753546192e-05,115.6006008386612,True
916,2.1687715197328346,2.403256888109226,2.5355926538233022e-05,123.87469783425331,True
917,2.391384057226898,2.390010615612141,2.5248973475313176e-05,116.4635680615902,True
918,2.0868306964453014,2.378526189154755,2.514217021209463e-05,123.33592399954796,True
919,2.5430172052276268,2.376720132100118,2.503551739497876e-05,117.04505234956741,True
920,2.1102220947678023,2.368907648541608,2.4929015669456345e-05,115.9375011920929,True
921,1.9716833490359633,2.35329393731152,2.4822665680103753e-05,118.73668804764748,True
922,2.0853285164367863,2.3460821693279,2.471646807057902e-05,118.66731941699982,True
923,2.689226471859476,2.335709996892973,2.4610423483617907e-05,118.7896840274334,True
924,2.329187864925772,2.348384693855934,2.4504532561030057e-05,113.84895071387291,True
925,1.9583605894675622,2.3033618633783703,2.4398795943695067e-05,117.79491603374481,True
926,2.618891575119712,2.302116826799846,2.4293214271558717e-05,126.65899097919464,True
927,2.248055746274836,2.2886589706581333,2.418778818362894e-05,115.9825287759304,True
928,2.4262843237982854,2.290315624127814,2.408251831797206e-05,123.67298826575279,True
929,2.8133625804253346,2.315651223183025,2.397740531170888e-05,120.21106854081154,True
930,2.323673031849568,2.3187691470655807,2.3872449801010906e-05,116.96202680468559,True
931,1.8986381440429214,2.300774647797496,2.3767652421096394e-05,119.69346925616264,True
932,2.879359724862235,2.3018107057151695,2.3663013806226548e-05,114.76857215166092,True
933,1.8875391630782294,2.2909651042082118,2.3558534589701693e-05,116.39042943716049,True
934,2.1735159982111036,2.2798530626393045,2.345421540385747e-05,115.26262760162354,True
935,2.1906839293010987,2.2799377343845606,2.3350056880060922e-05,119.5564866065979,True
936,2.5409371904988105,2.281403187754904,2.3246059648706737e-05,112.87051439285278,True
937,2.261958741560215,2.2888097087614625,2.3142224339213408e-05,120.38768455386162,True
938,2.0927634111014743,2.2771708952191716,2.303855158001949e-05,116.73777177929878,True
939,2.830712564920975,2.3011984433696284,2.2935041998579676e-05,117.69957467913628,True
940,2.5702481156303767,2.316694167037923,2.2831696221361093e-05,123.5702596604824,True
941,2.4519139578848175,2.3175332045905606,2.2728514873839456e-05,124.4012750685215,True
942,2.3055902745697523,2.315886625926268,2.2625498580495396e-05,121.91461399197578,True
943,2.329811313448573,2.307760506532361,2.2522647964810438e-05,117.87864938378334,True
944,2.263381471236547,2.312008066297281,2.2419963649263542e-05,116.53050035238266,True
945,2.2322322301615296,2.310192085031872,2.2317446255327057e-05,119.81246247887611,True
946,2.49501037174428,2.324655913217427,2.221509640346319e-05,118.50374937057495,True
947,2.405272673992884,2.3304327780887064,2.2112914713120004e-05,116.36384949088097,True
948,2.368137647166397,2.336662969571009,2.2010901802727922e-05,119.02885511517525,True
949,2.4359196807905943,2.3380547078073732,2.1909058289695793e-05,121.22193723917007,True
950,2.1111751475504468,2.338815471904411,2.1807384790407314e-05,117.94333532452583,True
951,2.4549703456946377,2.3360640075440102,2.170588192021708e-05,115.24603515863419,True
952,2.0303893488916485,2.3335692342353838,2.1604550293447124e-05,120.29090523719788,True
953,2.2614002235328097,2.3426228865634044,2.1503390523382987e-05,117.87116900086403,True
954,2.0862433275868817,2.342651474411852,2.140240322227017e-05,116.48423969745636,True
955,2.3656578036241753,2.332539953529505,2.1301589001310224e-05,115.89954420924187,True
956,2.7120753848150874,2.344505188526057,2.120094847065729e-05,114.52282965183258,True
957,2.2520402049460606,2.3536826765097487,2.1100482239414215e-05,116.72884970903397,True
958,1.9355406526885282,2.3323279601837754,2.100019091562902e-05,115.98318815231323,True
959,2.5733770597271803,2.342494251229155,2.090007510629102e-05,127.34152376651764,True
960,2.375777262483718,2.3409159055630653,2.0800135417327387e-05,117.75189638137817,True
961,2.7310901106449594,2.338344890882425,2.0700372453599305e-05,124.96069818735123,True
962,2.544575873093727,2.345248104671313,2.0600786818898388e-05,118.36088821291924,True
963,2.1334610610473446,2.3525863208277116,2.0501379115942987e-05,116.88069626688957,True
964,2.6433534082912264,2.345211123434865,2.040214994637461e-05,119.98948454856873,True
965,1.8698112337212813,2.344657125642456,2.0303099910754192e-05,120.14413252472878,True
966,2.0978870698193597,2.342293721630213,2.020422960855851e-05,122.42080271244049,True
967,2.3762167767116003,2.3480916231117988,2.0105539638176553e-05,120.33464014530182,True
968,2.375547651708479,2.3429232000246003,2.0007030596905906e-05,116.78599193692207,True
969,2.376838717491004,2.3465131992724366,1.990870308094911e-05,119.22767385840416,True
970,2.1189828257669103,2.347332555980742,1.9810557685410064e-05,123.11575189232826,True
971,2.3448653542078457,2.3321498306459603,1.9712595004290413e-05,124.33680891990662,True
972,2.2696357522692,2.322755694290919,1.961481563048603e-05,124.84176456928253,True
973,2.4506159628692425,2.32271513194668,1.951722015578329e-05,121.7067651450634,True
974,1.8604221258407985,2.3088036272989,1.941980917085559e-05,124.72790479660034,True
975,3.0309387324731563,2.3307138591434153,1.932258326525975e-05,119.62062120437622,True
976,2.0585872854505265,2.324314040837592,1.9225543027432448e-05,131.34590908885002,True
977,2.5391387170137363,2.333904868551727,1.9128689044686648e-05,114.6010234951973,True
978,2.466724028899556,2.3330209203378303,1.903202190320803e-05,122.02321365475655,True
979,2.9305395866905513,2.34943551135963,1.893554218805147e-05,119.61130425333977,True
980,2.3971845682929542,2.350343227644842,1.8839250483137528e-05,115.89940637350082,True
981,2.5903221972286703,2.355168306283531,1.874314737124883e-05,123.05842339992523,True
982,2.2164718848240526,2.3584588293233253,1.86472334340266e-05,115.7863587141037,True
983,2.4692719790670608,2.3589057553662087,1.855150925196712e-05,115.29827490448952,True
984,1.8570788738339445,2.3534898030206506,1.845597540441826e-05,120.60724571347237,True
985,2.842062782673609,2.371635507993801,1.8360632469575905e-05,121.28464877605438,True
986,2.52691119976258,2.385406378999292,1.8265481024480487e-05,122.45508655905724,True
987,2.118699833086342,2.3776889424199794,1.8170521645013478e-05,118.0654987692833,True
988,2.8418092638254167,2.3817431261390425,1.807575490589397e-05,114.54702168703079,True
989,2.4499246583265415,2.3879270153071843,1.79811813806751e-05,120.36900967359543,True
990,2.6455044854771006,2.4101133850818286,1.788680164174063e-05,114.14306238293648,True
991,2.324077590209682,2.4023227766594033,1.7792616260301475e-05,123.1120228767395,True
992,2.468837931666071,2.405230922571363,1.769862580639228e-05,120.66876515746117,True
993,2.307577355059585,2.391996148959322,1.7604830848867905e-05,124.75410103797913,True
994,3.0877010822296143,2.4089688117448134,1.7511231955400016e-05,120.74297666549683,True
995,2.227522506088507,2.411908231902345,1.7417829692473636e-05,122.82756716012955,True
996,2.2142423543524234,2.398498511466755,1.732462462538379e-05,121.99445813894272,True
997,2.175397038459778,2.40804806786484,1.723161731823195e-05,120.7687221467495,True
998,2.277975511260149,2.4136758316598588,1.713880833392273e-05,119.98474970459938,True
999,2.375139800899,2.413642176165709,1.704619823416041e-05,120.46107277274132,True
1000,2.394791796899611,2.4142435557029245,1.6953787579445635e-05,117.58997291326523,True
1001,2.0564302507933085,2.4042307911186214,1.6861576929071892e-05,121.74069881439209,True
1002,2.486293794071607,2.415709258878138,1.676956684112221e-05,115.73082208633423,True
1003,2.2796828005048964,2.4136723040749217,1.667775787246575e-05,119.07593905925751,True
1004,2.1167675493753446,2.408895172734489,1.6586150578754506e-05,129.0261745452881,True
1005,2.6054088450766897,2.4137324503034847,1.6494745514419775e-05,118.64113062620163,True
1006,2.1725521597472377,2.423486513863068,1.6403543232668994e-05,124.50340762734413,True
1007,2.0403203989869807,2.392529690941629,1.63125442854823e-05,117.92515963315964,True
1008,2.341630628503905,2.4013747954120532,1.6221749223609168e-05,119.97568979859352,True
1009,2.6132815585416904,2.403691759209792,1.613115859656511e-05,132.67143443226814,True
1010,2.3403171446588305,2.3997415440772727,1.6040772952628334e-05,124.90571662783623,True
1011,2.3629134259905133,2.3820032265553976,1.5950592838836488e-05,158.44697877764702,True
1012,2.1705903666360036,2.374922157753616,1.586061880098324e-05,124.11536276340485,True
1013,2.3310138589662053,2.366818772182924,1.5770851383615067e-05,132.807407528162,True
1014,2.649558830812487,2.380352739245069,1.5681291130027886e-05,122.88489565253258,True
1015,2.6478391578811373,2.3859329635830164,1.5591938582263864e-05,125.17937645316124,True
1016,2.653024660050869,2.4108062694023005,1.550279428110803e-05,122.54100292921066,True
1017,2.2263492200432755,2.391565220570101,1.541385876608507e-05,123.4312616288662,True
1018,2.27292110510399,2.383628030112021,1.5325132575456015e-05,119.2847192287445,True
1019,2.3323534401980313,2.390304705334259,1.5236616246215062e-05,120.68668752908707,True
1020,2.5724950584710813,2.381888636416946,1.5148310314086233e-05,124.97631460428238,True
1021,2.0554874128924157,2.3695624724971367,1.506021531352017e-05,119.59853023290634,True
1022,2.0092620911986327,2.3496798976759408,1.49723317776909e-05,119.8449581861496,True
1023,2.098714917205101,2.342637314144554,1.488466023849267e-05,122.48789519071579,True
1024,2.4221679245293473,2.341178876421523,1.4797201226536555e-05,116.46000668406487,True
1025,2.706267705430155,2.3536379498706026,1.4709955271147474e-05,118.57707798480988,True
1026,2.151547013655217,2.3243831352276487,1.4622922900360787e-05,124.48576092720032,True
1027,2.6294209384385434,2.3369424612385927,1.4536104640919267e-05,116.47898703813553,True
1028,2.4176417704088142,2.343298692990359,1.4449501018269717e-05,123.35547432303429,True
1029,2.4470694735243512,2.351788456586121,1.436311255656001e-05,128.5206377506256,True
1030,2.2274732545295857,2.350210261063296,1.427693977863574e-05,127.83217430114746,True
1031,2.1563271815518297,2.3433723667086923,1.419098320603719e-05,123.10808151960373,True
1032,2.6718863128276356,2.352031570331448,1.4105243358996012e-05,115.14921858906746,True
1033,2.5651451187369263,2.367928909954685,1.4019720756432286e-05,119.05955895781517,True
1034,2.2480098399115196,2.360482536387181,1.3934415915951188e-05,119.03658881783485,True
1035,2.1638030709599603,2.3568612948389074,1.3849329353840029e-05,120.05072087049484,True
1036,2.07152228855955,2.35544738043842,1.3764461585064925e-05,116.91001057624817,True
1037,2.38900696719351,2.34868482175456,1.3679813123267903e-05,123.3721487224102,True
1038,2.1485438215939294,2.347934561187273,1.3595384480763629e-05,119.92330104112625,True
1039,2.40478740159203,2.359324155018669,1.351117616853641e-05,120.55253610014915,True
1040,2.4054420260672873,2.3613182611925225,1.3427188696236976e-05,116.34300276637077,True
1041,2.727586874147741,2.364890302305213,1.334342257217957e-05,117.89901554584503,True
1042,2.175975210261795,2.359754616855298,1.3259878303338724e-05,118.73728781938553,True
1043,1.8701871475954166,2.344356920655457,1.3176556395346251e-05,121.03188782930374,True
1044,2.006424783919909,2.3392267461955782,1.309345735248817e-05,121.19746208190918,True
1045,2.01581463414038,2.3293767704197705,1.3010581677701705e-05,121.38406932353973,True
1046,2.3010934355647064,2.3184872268182772,1.2927929872572142e-05,124.00510534644127,True
1047,2.1875734423513467,2.3041039232079754,1.2845502437329887e-05,120.57144939899445,True
1048,2.505130577087402,2.29948223311537,1.2763299870847368e-05,120.38527429103851,True
1049,2.0251684928762503,2.2931953353914025,1.2681322670636092e-05,120.23210525512695,True
1050,2.2586011003564903,2.292747835243034,1.2599571332843558e-05,121.33894115686417,True
1051,2.4261997555786707,2.2956805325986807,1.251804635225029e-05,125.24895370006561,True
1052,2.2661580915895767,2.2861075023836293,1.2436748222266831e-05,117.4883283674717,True
1053,2.331975705968509,2.2947477615422542,1.2355677434930806e-05,122.64019250869751,True
1054,2.599958966450138,2.3132070388938644,1.2274834480903858e-05,120.2053502202034,True
1055,2.4739529549420536,2.3249332275731405,1.219421984946874e-05,115.95828831195831,True
1056,2.3427084017984616,2.3224501174878043,1.2113834028526317e-05,117.64442548155785,True
1057,2.0862156269026966,2.3030734900338246,1.2033677504592689e-05,124.42419677972794,True
1058,2.480145589226768,2.313342195520434,1.195375076279613e-05,120.07198482751846,True
1059,2.538718582644607,2.3105077469018767,1.1874054286874236e-05,116.12112447619438,True
1060,2.417303872679522,2.310497187597832,1.1794588559170966e-05,119.86836418509483,True
1061,2.463744972433363,2.311018296938741,1.171535406063376e-05,116.4955198764801,True
1062,2.882395211752359,2.3314846081019454,1.1636351270810559e-05,123.68819117546082,True
1063,2.1116317687496062,2.330087876451884,1.1557580667846962e-05,121.33444100618362,True
1064,2.57160187375014,2.326953987730718,1.1479042728483291e-05,119.13777142763138,True
1065,2.2178963452954834,2.316102463560682,1.1400737928051774e-05,121.37367203831673,True
1066,2.363055312180821,2.3196976345690956,1.1322666740473586e-05,123.12335148453712,True
1067,2.385266192051587,2.3266183571032,1.1244829638256011e-05,122.32144176959991,True
1068,2.091560225188732,2.3272445426228643,1.1167227092489585e-05,125.5388930439949,True
1069,2.4159201085567474,2.3280855782904695,1.108985957284529e-05,121.50057777762413,True
1070,2.4894431900333713,2.3387386835541975,1.1012727547571627e-05,117.07314848899841,True
1071,2.561199193472391,2.343626552050466,1.0935831483491832e-05,118.76664310693741,True
1072,2.361630522562358,2.3422574425659377,1.085917184600102e-05,116.39532074332237,True
1073,2.562655578116457,2.337103339564962,1.0782749099063461e-05,123.41129779815674,True
1074,2.9126634610004913,2.360124847400556,1.0706563705209622e-05,129.45152819156647,True
1075,2.6876207229991755,2.385669646631925,1.0630616125533493e-05,118.67254599928856,True
1076,2.2983199999882626,2.3947913721340512,1.0554906819689713e-05,118.53362992405891,True
1077,2.650419843196869,2.414622784917057,1.047943624589089e-05,115.85188284516335,True
1078,2.2759821256959296,2.4138380564836552,1.0404204860904693e-05,121.76502868533134,True
1079,2.5017080920481543,2.423654764286681,1.0329213120051196e-05,115.88803306221962,True
1080,2.4103994526181904,2.4206944166470095,1.0254461477200056e-05,115.90459197759628,True
1081,2.446510160670561,2.433861343765585,1.0179950384767844e-05,114.29683491587639,True
1082,2.032550339486189,2.4267972574883885,1.0105680293715208e-05,117.75731667876244,True
1083,2.5654415911938773,2.4311485648513695,1.0031651653544217e-05,119.48470026254654,True
1084,2.1791431978813507,2.4284293494229843,9.957864912295589e-06,123.63462895154953,True
1085,2.5063306114630786,2.4338779402196877,9.88432051654607e-06,114.24370110034943,True
1086,2.3352307684450264,2.4256051840320225,9.811018911405561e-06,115.43621867895126,True
1087,2.1677186155319212,2.416035360925463,9.737960540514646e-06,119.07387524843216,True
1088,2.458103346824646,2.419641452957535,9.665145846041707e-06,124.97873231768608,True
1089,2.1289558936567867,2.420977086293604,9.592575268680398e-06,118.67932230234146,True
1090,2.31937968386391,2.415953151751026,9.520249247646835e-06,114.18983340263367,True
1091,2.339708360315066,2.409734082303217,9.448168220677083e-06,114.09197002649307,True
1092,2.012678293578596,2.397089532956315,9.37633262402442e-06,126.14225596189499,True
1093,2.374579139745952,2.394303100684837,9.304742892456703e-06,120.96108496189117,True
1094,2.07456165228201,2.369058301951398,9.233399459253755e-06,118.70016902685165,True
1095,2.566751716011449,2.383280800303325,9.162302756204721e-06,119.60331350564957,True
1096,2.6314507278464956,2.3851510769938358,9.091453213605522e-06,116.13736301660538,True
1097,2.539244708368334,2.3951932133398515,9.020851260256136e-06,117.18469113111496,True
1098,2.1143058302712308,2.3874197920301867,8.950497323458107e-06,118.99670213460922,True
1099,2.1922577365752187,2.3813882777965603,8.88039182901188e-06,117.37880110740662,True
1100,2.787513458809885,2.4031368163472138,8.810535201214325e-06,117.79160052537918,True
1101,2.2945287437601523,2.399343336197319,8.740927862856046e-06,119.0979816019535,True
1102,2.6589130245664583,2.4046392685264806,8.671570235218901e-06,119.23997849225998,True
1103,2.2589294527783808,2.39519333912979,8.60246273807343e-06,128.54352965950966,True
1104,2.7911512812198196,2.4086158628378342,8.533605789676358e-06,120.75677514076233,True
1105,2.643463329112891,2.4111411050564726,8.464999806767937e-06,120.38267776370049,True
1106,2.3772628784179686,2.3944098368507696,8.396645204569604e-06,121.31619080901146,True
1107,2.3066045466185994,2.382503081338868,8.328542396781296e-06,120.23457512259483,True
1108,3.0170657758767896,2.4049638868353895,8.260691795579107e-06,113.85675147175789,True
1109,2.7036493903712224,2.4066273101845894,8.193093811612612e-06,122.09990620613098,True
1110,2.16512355827479,2.4031629799526826,8.125748854002563e-06,121.83306738734245,True
1111,2.1476736446547378,2.392099403471633,8.058657330338276e-06,122.97417223453522,True
1112,2.3812364784086713,2.3911880605275826,7.991819646675287e-06,122.87791818380356,True
1113,2.22434971815238,2.3842455466988923,7.925236207532716e-06,118.14161762595177,True
1114,2.242732100188732,2.3908137267208502,7.858907415891042e-06,121.64818122982979,True
1115,2.1650605428438245,2.378301818959912,7.79283367318947e-06,130.2908957004547,True
1116,2.4328444803633342,2.3862299840374703,7.72701537932365e-06,118.61000582575798,True
1117,2.2182188095505704,2.377226490227713,7.661452932643104e-06,121.01396173238754,True
1118,1.9658350113666418,2.365682872819022,7.596146729948983e-06,124.51076880097389,True
1119,2.3448507089119452,2.3712182507371438,7.531097166491524e-06,122.72076681256294,True
1120,2.5268804843121386,2.3733675362836237,7.466304635967769e-06,118.69809404015541,True
1121,2.598495763720888,2.3880406572231294,7.4017695305190595e-06,119.03509125113487,True
1122,2.594502281201513,2.396638238389926,7.337492240728799e-06,125.59898942708969,True
1123,2.0615130137829554,2.387944633810804,7.273473155619992e-06,115.19556492567062,True
1124,2.1595401736192925,2.3925340675620816,7.209712662652923e-06,116.51976779103279,True
1125,2.0790641835366173,2.3832992251805365,7.146211147722798e-06,115.22605270147324,True
1126,2.213091048087863,2.3876282687994603,7.0829689951574576e-06,115.7509908080101,True
1127,2.369766611151579,2.3814724842725923,7.019986587714977e-06,116.68268218636513,True
1128,2.4461192809088383,2.3756808765557906,6.957264306581396e-06,114.88886177539825,True
1129,2.0017589625017145,2.3588844469974646,6.894802531368389e-06,119.15464326739311,True
1130,2.076293577750524,2.3576965641061918,6.8326016401110245e-06,126.26775354146957,True
1131,2.2952187853615458,2.3609140968807623,6.770662009265394e-06,121.44805490970612,True
1132,2.718654576889769,2.3587622568207536,6.708984013706371e-06,120.7057535648346,True
1133,2.658179608392127,2.3701263463404985,6.6475680267253486e-06,123.52392449975014,True
1134,2.2209694592249876,2.356440609923567,6.586414420028008e-06,116.91319197416306,True
1135,2.880822105580066,2.375874755323622,6.5255235637319886e-06,120.38106843829155,True
1136,2.4231320085913635,2.364374153053987,6.464895826364719e-06,122.37409502267838,True
1137,2.562911181151867,2.3618568984302044,6.404531574861155e-06,121.6454990208149,True
1138,2.305674181221435,2.3596197516428106,6.344431174561588e-06,116.0331442952156,True
1139,2.525215105838086,2.3664513316184212,6.284594989209386e-06,121.46848812699318,True
1140,2.0944237515913042,2.337618768359505,6.2250233809488304e-06,115.98704382777214,True
1141,2.315524458885193,2.325489864250571,6.165716710322905e-06,122.6157620549202,True
1142,1.9744947537591186,2.3195327141094566,6.106675336271145e-06,125.77809020876884,True
1143,1.7722935485839844,2.3078020861072446,6.047899616127411e-06,121.74670398235321,True
1144,2.2897356074789297,2.304942683890701,5.989389905617776e-06,125.14317780733109,True
1145,2.1380757294505477,2.3022466217437625,5.931146558858336e-06,123.87854233384132,True
1146,2.85366010365996,2.3213381218522358,5.873169928353117e-06,128.2658874988556,True
1147,2.0018624052943954,2.3162381800538157,5.815460364991865e-06,120.98296359181404,True
1148,2.4957345658606225,2.318203495225603,5.758018218048e-06,116.3405142724514,True
1149,2.257654909044504,2.3194358733347826,5.700843835176439e-06,118.43813955783844,True
1150,2.1971700754058494,2.326665094085996,5.6439375624115555e-06,115.52286893129349,True
1151,2.4795306696611292,2.330873842859404,5.5872997441650255e-06,115.21242931485176,True
1152,2.612314901632421,2.333543668400665,5.530930723223765e-06,114.18011412024498,True
1153,2.6635761177817057,2.3355774294650615,5.474830840747863e-06,112.88455873727798,True
1154,2.2769975718329936,2.3256554072972904,5.4190004362685344e-06,129.0259324014187,True
1155,2.156110864248335,2.328611590124325,5.363439847686008e-06,117.22170189023018,True
1156,2.09204610093625,2.326502400352979,5.308149411267544e-06,117.9809719324112,True
1157,2.115497313439846,2.3276409356624583,5.253129461645334e-06,117.6561526954174,True
1158,2.0062385108735827,2.321176793874514,5.198380331814573e-06,117.6009550690651,True
1159,2.287896605986583,2.3186183562131077,5.143902353131324e-06,118.26841160655022,True
1160,2.569705636954746,2.322480429839544,5.0896958553106e-06,120.41286379098892,True
1161,2.3742317107415967,2.3341202032220423,5.03576116642433e-06,115.90201780200005,True
1162,2.3770374548004334,2.343518449379843,4.982098612899411e-06,125.74989721179008,True
1163,2.3142488613724708,2.3441131392551853,4.928708519515674e-06,119.59042400121689,True
1164,2.358908770920394,2.332871082818656,4.875591209403957e-06,118.28136816620827,True
1165,3.0769310253922657,2.345957064599915,4.8227470040441425e-06,115.96695706248283,True
1166,1.796174980654861,2.33268223714461,4.7701762232632395e-06,118.86284127831459,True
1167,2.1396937534213065,2.3095219761396493,4.71787918523336e-06,116.94533750414848,True
1168,2.4370696230562863,2.309957526591674,4.6658562064699096e-06,115.18209800124168,True
1169,3.1951589611913427,2.3297152697179087,4.614107601829587e-06,116.17492139339447,True
1170,1.9380262267021906,2.3182262711391814,4.562633684508538e-06,121.06244266033173,True
1171,2.4834528497593134,2.3169212006367275,4.511434766040368e-06,116.80629849433899,True
1172,2.731563703923286,2.3368318241470973,4.460511156294372e-06,117.14272201061249,True
1173,2.415694302285624,2.339962131753367,4.409863163473582e-06,115.03410339355469,True
1174,2.429103334536727,2.354168649902661,4.35949109411295e-06,117.15030670166016,True
1175,2.337731264199421,2.37183857851565,4.309395253077403e-06,145.0846865773201,True
1176,2.347301589666739,2.3736375154590093,4.259575943560135e-06,119.89207193255424,True
1177,2.5891677294772095,2.387734140459841,4.210033467080665e-06,122.1550814807415,True
1178,2.236291851207709,2.3684413825707082,4.16076812348305e-06,120.51345035433769,True
1179,2.26907194852829,2.3767916807967566,4.111780210934057e-06,118.00846457481384,True
1180,2.7505744358018642,2.3847554267324256,4.063070025921367e-06,115.48863351345062,True
1181,2.7426309287548065,2.3999109273483725,4.014637863251813e-06,114.1984574496746,True
1182,2.033028796494725,2.3947815123824086,3.966484016049532e-06,118.05407330393791,True
1183,1.98238005697357,2.3792455557359204,3.918608775754224e-06,116.74168333411217,True
1184,2.082008338522637,2.3626734756387293,3.871012432119392e-06,117.8000308573246,True
1185,2.4435573432405118,2.355797888934319,3.823695273210603e-06,115.18405750393867,True
1186,2.763580001317538,2.371003589855718,3.7766575854036866e-06,117.12586507201195,True
1187,2.2204538333188197,2.373014307639181,3.729899653383073e-06,119.07647177577019,True
1188,2.257102467998955,2.3781723191098934,3.6834217601400212e-06,118.16707625985146,True
1189,2.3118688362400706,2.3843089291974024,3.637224186970939e-06,119.33982372283936,True
1190,2.3148371527271885,2.39395263675533,3.5913072134756256e-06,116.56424403190613,True
1191,2.646848872391104,2.4051698950804763,3.54567111755566e-06,117.98013374209404,True
1192,2.270625072496909,2.3958236274411604,3.500316175412649e-06,116.70267209410667,True
1193,2.7657111072540284,2.4080573585821696,3.455242661546615e-06,114.07436057925224,True
1194,2.552959136216037,2.413554911126411,3.4104508487542432e-06,115.35022035241127,True
1195,2.9072870291196384,2.4320873538685106,3.3659410081273602e-06,119.51586604118347,True
1196,2.0448637468269073,2.4222734468655887,3.3217134090511694e-06,117.45507270097733,True
1197,2.62473890888557,2.4081424432247616,3.2777683192027176e-06,112.74660378694534,True
1198,2.2039107205625066,2.4208841850968668,3.2341060045491813e-06,117.17835068702698,True
1199,2.395566734774359,2.4288802157641527,3.190726729346355e-06,119.53640729188919,True
1200,2.06378147886558,2.417214961258196,3.147630756136971e-06,113.13951760530472,True
1201,2.4290900080544606,2.393275306472674,3.104818345749183e-06,117.17290803790092,True
1202,2.6220554275625556,2.414651218999552,3.0622897572948893e-06,117.59204044938087,True
1203,2.6123587308928022,2.418679527784974,3.0200452481682793e-06,117.37814173102379,True
1204,2.4383186561515533,2.4095156200421144,2.9780850740441903e-06,116.74191057682037,True
1205,2.490925826677462,2.4118666051793554,2.9364094888765957e-06,117.62428656220436,True
1206,2.551385444264079,2.4156879211083435,2.8950187448970545e-06,115.4189258813858,True
1207,1.991840977200194,2.4048788496396156,2.853913092613214e-06,116.48273095488548,True
1208,2.0918115854263304,2.3968947870071133,2.8130927808072583e-06,121.54284492135048,True
1209,1.9902745821537116,2.3781793761532555,2.7725580565344077e-06,116.79639667272568,True
1210,1.7696996566690044,2.3635983700739303,2.7323091651214385e-06,130.13912364840508,True
1211,2.4794076111665957,2.3701713595313834,2.6923463501652034e-06,117.06375703215599,True
1212,2.736148219430045,2.3697205402697676,2.6526698535311255e-06,116.27978459000587,True
1213,3.027046051370092,2.3786085128514998,2.6132799153517738e-06,119.30013075470924,True
1214,2.466478719711304,2.392153822952011,2.574176774025366e-06,115.81537500023842,True
1215,1.962917993882459,2.391545633480419,2.535360666214387e-06,118.26141923666,True
1216,2.3161035031983346,2.398861107376547,2.496831826844076e-06,118.58856305480003,True
1217,2.525977407979686,2.4014367343996383,2.4585904891010813e-06,115.5923418700695,True
1218,2.2802352091509426,2.386332209644422,2.4206368844319984e-06,116.04155227541924,True
1219,2.220136930040047,2.3863223064169574,2.382971242541998e-06,117.98267811536789,True
1220,2.5015791451389138,2.393962202577569,2.345593791393419e-06,113.36521059274673,True
1221,2.285244896368015,2.3931302044565683,2.308504757204394e-06,116.17035791277885,True
1222,2.2655954251970565,2.391591400471256,2.271704364447469e-06,115.40398746728897,True
1223,2.83459221606223,2.3974583799609803,2.2351928358482876e-06,124.7994415462017,True
1224,2.4469508290290833,2.40296855985261,2.1989703923841864e-06,121.45423144102097,True
1225,2.0662933672712147,2.3811117554781447,2.1630372532828847e-06,114.48647454380989,True
1226,2.2634687866279464,2.372065182053518,2.1273936360211576e-06,117.73082613945007,True
1227,2.727807367549223,2.366456442629442,2.0920397563235385e-06,121.0172064602375,True
1228,2.767809584222991,2.3890485000480624,2.0569758281609565e-06,120.26877701282501,True
1229,2.262470070908709,2.3777275988612843,2.022202063749512e-06,122.818224132061,True
1230,2.155947973939026,2.376228763029303,1.987718673549127e-06,124.42059069871902,True
1231,2.0916905221731765,2.366732631385517,1.9535258662623346e-06,115.30821770429611,True
1232,1.9991959175431584,2.3647143325941897,1.9196238488329687e-06,118.24455484747887,True
1233,2.2478237989786507,2.359049763560563,1.886012826444916e-06,115.24252220988274,True
1234,2.332179999495127,2.349991156433461,1.8526930025208944e-06,120.42268738150597,True
1235,2.25095349887632,2.3386972429329376,1.8196645787212252e-06,118.52513253688812,True
1236,2.2912278189980912,2.3341006542718787,1.7869277549425855e-06,135.09239628911018,True
1237,2.097826436871574,2.321816298340437,1.7544827293168088e-06,115.10736867785454,True
1238,1.7402000316994728,2.2964667541977803,1.7223296982096959e-06,125.45383349061012,True
1239,2.328105001979404,2.3069750049721307,1.690468856219829e-06,116.51689931750298,True
1240,2.9165442472248406,2.332747900653331,1.6589003961773709e-06,116.26073345541954,True
1241,2.5498721111251648,2.3502353234336937,1.6276245091429222e-06,115.32409116625786,True
1242,2.1286506334940594,2.361452541459471,1.5966413844063332e-06,120.92291563749313,True
1243,2.71451244254907,2.3687995674401776,1.565951209485622e-06,112.89647966623306,True
1244,2.1931006837878706,2.3518293319513646,1.535554170125758e-06,121.14788964390755,True
1245,2.160416532419399,2.324747159484147,1.505450450297602e-06,118.3951199054718,True
1246,2.281022972530789,2.3189516673847663,1.47564023219674e-06,114.38138410449028,True
1247,2.3871254063489142,2.332208149024339,1.4461236962424575e-06,119.49224025011063,True
1248,2.479201989366829,2.3373049767170926,1.4169010210765332e-06,118.79153177142143,True
1249,2.1010032001229906,2.3240245327215803,1.387972383562286e-06,147.30366691946983,True
1250,2.2007530035331233,2.3215407137960256,1.3593379587833965e-06,115.76948314905167,True
1251,2.356037044817685,2.3257875923828237,1.3309979200429256e-06,118.0993877351284,True
1252,2.0767694119387454,2.3125122882203186,1.3029524388621983e-06,135.6387957930565,True
1253,2.451819295323761,2.3177177381876817,1.2752016849798376e-06,127.6073232293129,True
1254,2.3087251025778026,2.31906554060582,1.2477458263506714e-06,126.74107775092125,True
1255,2.1785865094926624,2.298565362275511,1.2205850291447662e-06,139.47655633091927,True
1256,2.4502384326037236,2.298668099887223,1.1937194577463617e-06,160.9109714627266,True
1257,2.4716545592297563,2.311335637135926,1.1671492747529655e-06,116.58443510532379,True
1258,2.057289416268027,2.304892531812172,1.140874640974271e-06,117.46124550700188,True
1259,2.4042062718759882,2.294779997572377,1.1148957154312689e-06,117.67751350998878,True
1260,2.33463225212503,2.281243205944321,1.0892126553552096e-06,115.45087397098541,True
1261,1.832570125785055,2.267808832659199,1.0638256161867145e-06,142.70202443003654,True
1262,2.2020464814351706,2.26924941101845,1.0387347515748047e-06,130.64954429864883,True
1263,2.066484366738519,2.268461718661115,1.0139402133759634e-06,117.41497367620468,True
1264,2.2897088984529415,2.2775402493145407,9.89442151653236e-07,116.84120073914528,True
1265,1.9531059202759764,2.268330315605084,9.652407146753194e-07,117.81683564186096,True
1266,2.5703957996717315,2.275774559360599,9.413360489156531e-07,118.82537975907326,True
1267,2.3009849236561704,2.277338041384965,9.177282990515346e-07,118.30870062112808,True
1268,1.9434773242473602,2.266470838424013,8.94417607963266e-07,133.4453523159027,True
1269,2.5079623023915736,2.279287584221521,8.714041167332487e-07,121.32439762353897,True
1270,2.739440651137594,2.3105138535789678,8.486879646451784e-07,114.62118476629257,True
1271,2.4428921233840852,2.314100951122853,8.262692891831514e-07,115.83627387881279,True
1272,2.4461896866559982,2.2994023711050744,8.041482260308763e-07,116.06580018997192,True
1273,2.1242877884915,2.286102861022769,7.823249090708195e-07,116.84800311923027,True
1274,2.2100862950086593,2.2886477254451023,7.607994703834275e-07,119.21386048197746,True
1275,2.4534798467701133,2.2804904568270103,7.395720402462891e-07,115.07400497794151,True
1276,2.45992673601423,2.2888287709590713,7.186427471333801e-07,140.35983756184578,True
1277,1.960939174573097,2.2825951035263756,6.980117177142642e-07,120.25777995586395,True
1278,2.1689056537054867,2.2790914373130846,6.776790768533492e-07,118.18742379546165,True
1279,2.4236072590148527,2.280231495208895,6.576449476090985e-07,118.99709701538086,True
1280,2.904510570446234,2.2935223883676343,6.379094512333262e-07,120.5158568918705,True
1281,2.3106949707356894,2.3000752561992783,6.184727071704144e-07,116.65700376033783,True
1282,2.6813069448042453,2.31509256686401,5.993348330566528e-07,117.36049875617027,True
1283,2.048766601426261,2.305490365508035,5.804959447194558e-07,116.82009696960449,True
1284,2.0444667051347456,2.304480905920414,5.61956156176724e-07,114.97290059924126,True
1285,1.9753232369056115,2.2895904040948523,5.437155796361115e-07,116.03102460503578,True
1286,2.124058946967125,2.2838195867320223,5.25774325494377e-07,119.00746822357178,True
1287,2.0087024789107475,2.278510710776345,5.081325023366834e-07,118.90986189246178,True
1288,2.6544028034423315,2.284890847365048,4.907902169359879e-07,119.01094764471054,True
1289,2.2792547332203905,2.2788783528022662,4.7374757425233117e-07,119.92397531867027,True
1290,2.8620739839747995,2.304027870543109,4.570046774322601e-07,118.64136531949043,True
1291,2.39065978701195,2.303604542891108,4.4056162780817255e-07,117.81039834022522,True
1292,2.4720094768253302,2.3078975811629903,4.2441852489772393e-07,116.76153168082237,True
1293,2.2436435596887456,2.320743625972483,4.0857546640319376e-07,118.04268136620522,True
1294,2.314921489244775,2.324270969966534,3.930325482109365e-07,118.7216229736805,True
1295,2.206400934653946,2.3286433627138905,3.7778986439076513e-07,120.52242085337639,True
1296,2.0814056774306167,2.3221338870569497,3.6284750719539076e-07,116.69937521219254,True
1297,2.173261713671994,2.3290137556005845,3.4820556705988383e-07,117.81847849488258,True
1298,2.8048545290356035,2.336340590893215,3.3386413260110827e-07,117.17783287167549,True
1299,2.2026079307283672,2.3332663098642286,3.1982329061717164e-07,117.88411438465118,True
1300,2.484666006905692,2.3501784561972983,3.0608312608694233e-07,118.6884269118309,True
1301,2.1485207148573617,2.338945906586858,2.926437221694944e-07,127.82358378171921,True
1302,2.7024368701442594,2.337789538430812,2.795051602036247e-07,118.21430176496506,True
1303,2.3221380903541697,2.3340159748986338,2.666675197073476e-07,116.99283495545387,True
1304,2.189365145214443,2.3259902079785917,2.5413087837743986e-07,123.09318408370018,True
1305,2.4677579495721234,2.3367236505123543,2.4189531208893555e-07,118.7814436852932,True
1306,2.384792251351439,2.342183211648063,2.2996089489469297e-07,122.77013435959816,True
1307,2.23006554822016,2.3352015148183654,2.1832769902492833e-07,120.583925396204,True
1308,2.010130539883015,2.32114538368927,2.06995794886794e-07,122.57369980216026,True
1309,2.4734641862719244,2.3371617903048616,1.9596525106395091e-07,112.43810877203941,True
1310,2.162557848664217,2.3369634213973143,1.8523613431613574e-07,116.82449653744698,True
1311,1.935387555531093,2.3217065556634537,1.748085095787777e-07,113.160889595747,True
1312,2.7141916266458477,2.3157590886696937,1.6468243996259346e-07,114.04044181108475,True
1313,2.4949859147784355,2.3215181806710206,1.5485798675321518e-07,115.4148019850254,True
1314,2.8700819202216277,2.3274173986528126,1.4533520941080737e-07,114.4854985177517,True
1315,2.651961040206072,2.3462672248646754,1.3611416556971734e-07,127.7894638478756,True
1316,2.2352350809072195,2.3522287366075716,1.2719491103811433e-07,120.34093588590622,True
1317,2.2523995932568326,2.360887372743548,1.1857749979766742e-07,113.89634385704994,True
1318,2.569341787215202,2.3748024615013037,1.1026198400320708e-07,121.03358283638954,True
1319,2.163006302922271,2.3796244560016646,1.022484139824198e-07,119.0674677491188,True
1320,2.4369140856974836,2.3728279335721396,9.453683823552606e-08,121.73288315534592,True
1321,2.586829496832455,2.3824396449350047,8.71273034350084e-08,119.20330673456192,True
1322,2.337772195324576,2.36605521403969,8.001985442531724e-08,131.07246533036232,True
1323,2.0151088329461904,2.35431924672514,7.321453422258762e-08,119.13376674056053,True
1324,2.6096827020036413,2.358621535011963,6.671138401440624e-08,122.81567975878716,True
1325,2.0743927869531844,2.3533324483639717,6.051044315955046e-08,120.54844573140144,True
1326,2.0938813464763837,2.3464249439024627,5.461174918772738e-08,122.84916266798973,True
1327,2.1837481785628756,2.3457170452746112,4.9015337799385164e-08,124.22239407896996,True
1328,1.929890389927847,2.340982192540153,4.37212428654743e-08,118.58010292053223,True
1329,2.2829032360449344,2.3444084901143043,3.8729496427242216e-08,119.74966153502464,True
1330,2.04821082179466,2.3207633742630236,3.404012869604456e-08,118.57879534363747,True
1331,1.7945755631835372,2.308012362777248,2.9653168053173087e-08,124.59277361631393,True
1332,2.1786420456847253,2.2984491139890935,2.5568641049655838e-08,115.98047614097595,True
1333,2.4850754824029395,2.308966450474884,2.1786572406123917e-08,118.62759664654732,True
1334,2.2711956852521653,2.2954901634470133,1.830698501265049e-08,120.53101882338524,True
1335,2.3191625629356523,2.2953971782151825,1.5129899928606473e-08,120.72371691465378,True
1336,2.302817783472728,2.298942573160744,1.2255336382543947e-08,117.89039894938469,True
1337,2.302088665824405,2.2937654080436403,9.683311772079595e-09,114.84138667583466,True
1338,2.4611617227395377,2.2961519540245234,7.41384166377812e-09,116.34182184934616,True
1339,2.0449310527529034,2.290366501041177,5.446939793063433e-09,119.43745240569115,True
1340,2.2528203619377956,2.2979505579803856,3.7826180641464814e-09,114.4634559750557,True
1341,2.5188318672235948,2.2993682980101227,2.4208865499364407e-09,125.81506744027138,True
1342,2.6407536338357365,2.314311916296731,1.361753491990747e-09,117.8354024887085,True
1343,2.2690681760961358,2.3247394356893807,6.052253004595887e-10,117.78509989380836,True
1344,2.5457177839335605,2.319474628104615,1.513065540525993e-10,116.17482081055641,True
